venue,place,country,lat,lon,elevation_m,rows
"Hayward Field, Eugene, OR (USA)",Eugene,USA,44.05207,-123.08675,130.0,1419
Meeting de Paris,Paris,,48.85341,2.3488,43.0,1166
Athletissima Lausanne,Lausanne,,46.516,6.63282,461.0,1123
European Athletics Championships,,,,,,1072
Oslo Bislett Games,Oslo,,59.91273,10.74609,27.0,885
Prefontaine Classic,Eugene,,44.05207,-123.08675,130.0,762
Silesia Kamila Skolimowska Memorial,Chorzow,,50.30582,18.9742,321.0,736
Meeting International Mohammed VI d'Athletisme de Rabat,Rabat,,34.01325,-6.83255,41.0,696
Gyulai István Memorial - Hungarian Athletics Grand Prix,Szekesfehervar,,47.18995,18.41034,117.0,674
BAUHAUS-Galan,Stockholm,,59.32938,18.06871,24.0,642
Golden Gala Pietro Mennea,Rome,,41.89193,12.51133,54.0,581
Wanda Diamond League Xiamen,Xiamen,,24.47979,118.08187,12.0,573
"National Stadium, Tokyo (JPN)",Tokyo,JPN,35.6895,139.69171,40.0,525
Memorial van Damme,Brussels,,50.85045,4.34878,27.0,431
FBK Games,Hengelo,,52.26583,6.79306,20.0,408
Diamond League Meeting,,,,,,401
Memorial Borisa Hanžekovića,Zagreb,,45.81444,15.97798,137.0,389
London Athletics Meet,London,,51.50853,-0.12574,23.0,376
Paavo Nurmi Games,,,,,,372
Meeting International d’Athlétisme Herculis EBS,Monaco,,43.73718,7.42145,44.0,369
The XXXIII Olympic Games,,,,,,365
"World Athletics Championships, Tokyo 2025",,,,,,363
The XXXII Olympic Games,,,,,,361
"World Athletics Championships, Budapest 2023",,,,,,359
IAAF World Championships in Athletics,,,,,,355
"World Athletics Championships, Oregon 2022",,,,,,355
Weltklasse Zürich,Zurich,,47.36667,8.55,442.0,321
"National Stadium, Kingston (JAM)",Kingston,JAM,17.99702,-76.79358,62.0,320
Golden Gala,Rome,,41.89193,12.51133,54.0,295
"Stadio Olimpico, Roma (ITA)",Roma,ITA,47.83333,26.6,133.0,294
IAAF Diamond League,,,,,,291
"Stadion Śląski, Chorzów (POL)",Chorzów,POL,50.30582,18.9742,321.0,275
"Stade Louis II, Monaco (MON)",Monaco,MON,43.73718,7.42145,44.0,275
Doha Meeting,Doha,,25.28545,51.53096,2.0,274
"Percy Beard Track, Gainesville, FL (USA)",Gainesville,USA,29.65163,-82.32483,59.0,272
Herculis,Monaco,,43.73718,7.42145,44.0,258
Herculis Meeting International d’Athlétisme EBS,Monaco,,43.73718,7.42145,44.0,253
"Olympic Stadium, London (GBR)",London,GBR,51.50853,-0.12574,23.0,249
"Nemzeti Atlétikai Központ, Budapest (HUN)",Budapest,HUN,47.49835,19.04045,124.0,249
"Olympiastadion, Berlin (GER)",Berlin,GER,52.52437,13.41053,46.0,246
"Stade Charléty, Paris (FRA)",Paris,FRA,48.85341,2.3488,43.0,234
"Boudewijnstadion, Bruxelles (BEL)",Bruxelles,BEL,,,,233
"Stade de France, Paris (FRA)",Paris,FRA,48.85341,2.3488,43.0,226
USATF Golden Games,,,,,,224
"Alexander Stadium, Birmingham (GBR)",Birmingham,GBR,52.48142,-1.89983,151.0,222
"Khalifa International Stadium, Doha (QAT)",Doha,QAT,25.28545,51.53096,2.0,222
"Boston Univ. Track & Tennis Center, Boston, MA (USA) (i)",,,,,,222
IAAF Continental Cup,,,,,,220
"Drake Stadium, Des Moines, IA (USA)",Des Moines,USA,41.60054,-93.60911,265.0,197
"Mike A. Myers Stadium, Austin, TX (USA)",Austin,USA,30.26715,-97.74306,157.0,193
"Putbosstadion, Oordegem (BEL)",Oordegem,BEL,50.95727,3.90201,35.0,184
Yangtze Delta Athletics Diamond Gala,,,,,,176
"Millican Field at Throw Town, Ramona, OK (USA)",Ramona,USA,33.04171,-116.86808,438.0,176
"Convention Center, Albuquerque, NM (USA) (i)",,,,,,174
"Yanmar Stadium Nagai, Osaka (JPN)",Osaka,JPN,34.69379,135.50107,5.0,173
"Estadio Vallehermoso, Madrid (ESP)",Madrid,ESP,40.4165,-3.70256,651.0,170
"John McDonnell Field, Fayetteville, AR (USA)",Fayetteville,USA,35.05266,-78.87836,36.0,170
"Cushing Stadium, College Station, TX (USA)",College Station,USA,30.62798,-96.33441,105.0,169
"Randal Tyson Indoor Center, Fayetteville, AR (USA) (i)",,,,,,167
"Un. of Kentucky Outdoor Track Facility, Lexington, KY (USA)",Lexington,USA,37.98869,-84.47772,295.0,162
Golden Gala - Pietro Mennea,Rome,,41.89193,12.51133,54.0,159
"University of North Florda Jax Track at Hodges Stadium, Jacksonville, FL (USA)",Jacksonville,USA,30.33218,-81.65565,6.0,157
Müller Anniversary Games,London,,51.50853,-0.12574,23.0,155
"Bislett Stadion, Oslo (NOR)",Oslo,NOR,59.91273,10.74609,27.0,152
Meeting International Mohammed VI d'Athlétisme de Rabat,Rabat,,34.01325,-6.83255,41.0,151
Seashore Group Doha Meeting,Doha,,25.28545,51.53096,2.0,151
60th Ostrava Golden Spike,Ostrava,,49.83465,18.28204,217.0,150
62nd Ostrava Golden Spike,Ostrava,,49.83465,18.28204,217.0,149
61st Golden Spike,Ostrava,,49.83465,18.28204,217.0,147
"Nyayo National Stadium, Nairobi (KEN)",Nairobi,KEN,-1.28333,36.81667,1677.0,146
Müller Grand Prix Gateshead,Gateshead,,54.96209,-1.60168,52.0,145
Roma Golden Gala - Pietro Mennea,Rome,,41.89193,12.51133,54.0,144
"Hilmer Lodge Stadium, Walnut, CA (USA)",Walnut,USA,34.02029,-117.86534,178.0,143
Yangtze River Delta Athletics Diamond Gala,,,,,,143
"Complexe Sportif Prince Moulay Abdellah, Rabat (MAR)",Rabat,MAR,34.01325,-6.83255,41.0,142
"Mestský Stadion, Ostrava (CZE)",Ostrava,CZE,49.83465,18.28204,217.0,141
USATF NYC Grand Prix,,,,,,141
Monaco Herculis,Monaco,,43.73718,7.42145,44.0,140
"Suhaim bin Hamad Stadium, Doha (QAT)",Doha,QAT,25.28545,51.53096,2.0,139
"Olympiastadion, Stockholm (SWE)",Stockholm,SWE,59.32938,18.06871,24.0,139
Meeting International Mohammed VI d’Athlétisme de Rabat/Marrakech,Rabat,,34.01325,-6.83255,41.0,137
"""READY STEADY TOKYO - Athletics""",Tokyo,,35.6895,139.69171,40.0,136
Shanghai IAAF Diamond League,Shanghai,,31.22222,121.45806,7.0,135
Eugene Prefontaine Classic,Eugene,,44.05207,-123.08675,130.0,134
USATF Grand Prix,,,,,,133
LOTTO Silesia Kamila Skolimowska Memorial,Chorzow,,50.30582,18.9742,321.0,133
"FBK Stadium, Hengelo (NED)",Hengelo,NED,52.26583,6.79306,20.0,132
"LSU Bernie Moore Stadium, Baton Rouge, LA (USA)",Baton Rouge,USA,30.44332,-91.18747,18.0,131
London Müller Anniversary Games,London,,51.50853,-0.12574,23.0,131
Bauhaus-Galan,Stockholm,,59.32938,18.06871,24.0,129
Boris Hanžeković Memorial,Zagreb,,45.81444,15.97798,137.0,129
"Austin, TX (USA)",Austin,USA,30.26715,-97.74306,157.0,127
"Drake Stadium, Los Angeles, CA (USA)",Los Angeles,USA,34.05223,-118.24368,91.0,124
"Sports Park Mladost, Zagreb (CRO)",Zagreb,CRO,45.81444,15.97798,137.0,124
Wanda Diamond League,,,,,,124
"Cougar Athletic Stadium, Azusa, CA (USA)",Azusa,USA,34.13362,-117.90756,188.0,123
Birmingham Müller Grand Prix,Birmingham,,52.48142,-1.89983,151.0,123
Allianz Memorial Van Damme,Brussels,,50.85045,4.34878,27.0,123
BAUHAUS-galan,Stockholm,,59.32938,18.06871,24.0,122
Kip Keino Classic,,,,,,119
"Moi International Sports Centre, Kasarani, Nairobi (KEN)",Nairobi,KEN,-1.28333,36.81667,1677.0,118
"Letzigrund, Zürich (SUI)",Zürich,SUI,47.36667,8.55,442.0,118
"Paavo Nurmen Stadion, Turku (FIN)",Turku,FIN,60.45148,22.26869,8.0,117
"Icahn Stadium, New York, NY (USA)",New York,USA,40.71427,-74.00597,51.0,116
Ooredoo Doha Meeting,Doha,,25.28545,51.53096,2.0,116
Stockholm BAUHAUS-galan,Stockholm,,59.32938,18.06871,24.0,115
"Univ. of Arizona Roy P. Drachman Stadium, Tucson, AZ (USA)",Tucson,USA,32.22174,-110.92648,758.0,114
Müller Grand Prix,Birmingham,,52.48142,-1.89983,151.0,112
"Stade de La Charrière, La Chaux-de-Fonds (SUI)",La Chaux-de-Fonds,SUI,47.09993,6.82586,996.0,110
"COTP Stadium, São Paulo (BRA)",São Paulo,BRA,-23.5475,-46.63611,745.0,109
Doha IAAF Diamond League,Doha,,25.28545,51.53096,2.0,109
"Stade Olympique de la Pontaise, Lausanne (SUI)",Lausanne,SUI,46.516,6.63282,461.0,104
4th Irena Szewinska Memorial,Bydgoszcz,,53.1235,18.00762,41.0,103
New York Grand Prix,,,,,,102
Müller British GP,Birmingham,,52.48142,-1.89983,151.0,101
"Jack Kemp Stadium - Occidental College, Los Angeles, CA (USA)",Los Angeles,USA,34.05223,-118.24368,91.0,101
Kingston (JAM),Kingston,JAM,17.99702,-76.79358,62.0,100
"Sports Center, Quzhou (CHN)",Quzhou,CHN,28.95944,118.86861,73.0,100
Novuna London Athletics Meet,London,,51.50853,-0.12574,23.0,99
Gold Coast (AUS),Gold Coast,AUS,-28.00029,153.43088,7.0,98
6th Irena Szewińska Memorial,Bydgoszcz,,53.1235,18.00762,41.0,97
"Estadio Panamericano, La Habana (CUB)",La Habana,CUB,28.8569,-111.31263,100.0,96
"Regional Sport Complex, Brest (BLR)",Brest,BLR,52.10894,23.71749,143.0,95
"Olympic Stadium, Cheboksary (RUS)",Cheboksary,RUS,56.13218,47.246,126.0,94
"Sports Performance Center, Lubbock, TX (USA) (i)",,,,,,94
"Denka Big Swan Stadium, Niigata (JPN)",Niigata,JPN,37.92259,139.04124,4.0,91
"Yelena Yelesina Stadium, Chelyabinsk (RUS)",Chelyabinsk,RUS,55.1611,61.42877,221.0,88
World Athletics Continental Tour - Beijing,,,,,,85
"Olympiastadion, München (GER)",München,GER,48.13743,11.57549,524.0,84
68° ORLEN Janusz Kusociński Memorial,Chorzow,,50.30582,18.9742,321.0,84
"Zdzisław Krzyszkowiak Stadium, Bydgoszcz (POL)",Bydgoszcz,POL,53.1235,18.00762,41.0,80
"Stade Raymond Petit, Tomblaine (FRA)",Tomblaine,FRA,48.68378,6.2162,211.0,79
Castellón (ESP),Castellón,ESP,39.98567,-0.04935,49.0,78
"Bregyó Athletic Center, Székesfehérvár (HUN)",Székesfehérvár,HUN,47.18995,18.41034,117.0,78
"Stadion De Veen, Heusden-Zolder (BEL)",Heusden-Zolder,BEL,51.03729,5.29653,42.0,78
"Arena Toruń, Toruń (POL) (i)",,,,,,77
"LFK CSKA, Moskva (RUS) (i)",,,,,,77
"Billy J. Murphy Track and Field Complex, Memphis, TN (USA)",Memphis,USA,35.14953,-90.04898,84.0,76
"McArthur Stadium, Potchefstroom (RSA)",Potchefstroom,RSA,-26.71667,27.1,1330.0,71
"National Training Center, Clermont, FL (USA)",Clermont,USA,28.54944,-81.77285,44.0,70
"CNDA, Bragança Paulista (BRA)",Bragança Paulista,BRA,-22.9527,-46.54418,815.0,68
"Egret Stadium, Xiamen (CHN)",Xiamen,CHN,24.47979,118.08187,12.0,68
"Griswold Stadium, Portland, OR (USA)",Portland,USA,45.52345,-122.67621,13.0,68
"Ansin Sports Complex, Miramar, FL (USA)",Miramar,USA,25.98731,-80.23227,2.0,67
"Vanderbilt Track, Nashville, TN (USA)",Nashville,USA,36.16589,-86.78444,158.0,67
Irena Szewinska Memorial / Bydgoszcz Cup,Bydgoszcz,,53.1235,18.00762,41.0,67
"Cobb Track and Angell Field, Palo Alto, CA (USA)",Palo Alto,USA,37.44188,-122.14302,11.0,65
"Stadium Municipal, Albi (FRA)",Albi,FRA,43.9298,2.148,177.0,65
"Estadio Iberoamericano, Huelva (ESP)",Huelva,ESP,37.26638,-6.94004,33.0,64
"Parc des Sports C. Ehrmann, Nice (FRA)",Nice,FRA,43.70313,7.26608,17.0,62
"Kalininets Stadium, Yekaterinburg (RUS)",Yekaterinburg,RUS,56.85733,60.61529,266.0,62
"Clemson Indoor Track & Field Complex, Clemson, SC (USA) (i)",,,,,,62
"Terry & Linda Fuller T&F Complex, Lubbock, TX (USA)",Lubbock,USA,33.57786,-101.85517,978.0,60
"CVEATC, Chula Vista, CA (USA)",Chula Vista,USA,32.64005,-117.0842,24.0,60
"Estadio Atlético de la VIDENA, Lima (PER)",Lima,PER,-12.04318,-77.02824,155.0,60
"Palo Alto, CA (USA)",Palo Alto,USA,37.44188,-122.14302,11.0,60
"Sacramento, CA (USA)",Sacramento,USA,38.58157,-121.4944,22.0,59
"Centre sportif Bout-du-Monde, Genève (SUI)",Genève,SUI,46.20222,6.14569,405.0,59
"Stadio Luigi Ridolfi, Firenze (ITA)",Firenze,ITA,43.80077,11.23441,60.0,58
"Stade Raymond Troussier, Decines (FRA)",Decines,FRA,45.76873,4.95883,188.0,58
"Ratinan Stadion, Tampere (FIN)",Tampere,FIN,61.49911,23.78712,107.0,57
Heusden-Zolder (BEL),Heusden-Zolder,BEL,51.03729,5.29653,42.0,57
"Fana Stadion, Bergen (NOR)",Bergen,NOR,60.39299,5.32415,17.0,57
"Eugene, OR (USA)",Eugene,USA,44.05207,-123.08675,130.0,56
"Chula Vista, CA (USA)",Chula Vista,USA,32.64005,-117.0842,24.0,56
"Stadion Juliska, Praha (CZE)",Praha,CZE,50.08804,14.42076,205.0,55
Xi'an (CHN),Xi'an,CHN,34.25833,108.92861,414.0,55
"Kadrioru staadion, Tallinn (EST)",Tallinn,EST,59.43696,24.75353,10.0,55
"Eintracht-Stadion, Braunschweig (GER)",Braunschweig,GER,52.26594,10.52673,73.0,54
"China Textile City Sports Centre, Shaoxing/Keqiao (CHN)",Shaoxing/Keqiao,CHN,,,,54
"Billy Hayes T& F Complex, Bloomington, IN (USA)",Bloomington,USA,39.16533,-86.52639,239.0,52
"National Stadium, Gaborone (BOT)",Gaborone,BOT,-24.65451,25.90859,1007.0,51
"Golęcin Stadion, Poznan (POL)",Poznan,POL,52.40692,16.92993,74.0,51
"Yunost Stadium, Adler, Sochi (RUS)",Sochi,RUS,43.59699,39.72477,15.0,51
"Bestmed Tuks Stadium, Pretoria (RSA)",Pretoria,RSA,-25.74486,28.18783,1321.0,50
"Werferzentrum Brandberge, Halle (GER)",Halle,GER,51.48158,11.97947,115.0,50
"Stadio Quercia, Rovereto (ITA)",Rovereto,ITA,45.8904,11.04053,202.0,49
"Dinamo National Olympic Stadium, Minsk (BLR)",Minsk,BLR,53.90019,27.56653,226.0,49
"Lohrheidestadion, Wattenscheid, Bochum (GER)",Bochum,GER,51.48165,7.21648,95.0,48
"Municipal Mizuho Stadium, Nagoya (JPN)",Nagoya,JPN,35.18147,136.9064,23.0,48
"Stade Delort, Marseille (FRA)",Marseille,FRA,43.29695,5.38107,30.0,48
"Stadium Desna, Bryansk (RUS)",Bryansk,RUS,53.27096,34.32143,211.0,48
"Emirates Arena, Glasgow (GBR) (i)",,,,,,48
"Pascual Guerrero Stadium, Cali (COL)",Cali,COL,3.43054,-76.5199,960.0,47
"SOPAC, Sydney (AUS)",Sydney,AUS,-33.86785,151.20732,51.0,47
"Guangdong Ersha Sports Training Center, Guangzhou (CHN)",Guangzhou,CHN,23.11667,113.25,15.0,47
"Stadio Comunale, Bellinzona (SUI)",Bellinzona,SUI,46.19278,9.01703,226.0,46
"RTSOP, Minsk (BLR)",Minsk,BLR,53.90019,27.56653,226.0,46
"Knoxville, TN (USA)",Knoxville,USA,35.96064,-83.92074,276.0,45
La Chaux-de-Fonds (SUI),La Chaux-de-Fonds,SUI,47.09993,6.82586,996.0,45
"Paul Derr TF Facility, Raleigh, NC (USA)",Raleigh,USA,35.7721,-78.63861,100.0,45
"TSV Stadion, Pfungstadt (GER)",Pfungstadt,GER,49.80557,8.60307,106.0,45
"JSerra Catholic HS, San Juan Capistrano, CA (USA)",San Juan Capistrano,USA,33.50169,-117.66255,39.0,45
"LAZ Wien, Wien (AUT)",Wien,AUT,39.66086,-92.78436,248.0,45
Barranquilla (COL),Barranquilla,COL,10.96854,-74.78132,21.0,44
"Prefectural Stadium, Fukui (JPN)",Fukui,JPN,36.06443,136.22256,18.0,44
"Franklin Field, Philadelphia, PA (USA)",Philadelphia,USA,39.95238,-75.16362,16.0,44
"Dempsey Indoor, Seattle, WA (USA) (i)",,,,,,44
Nairobi (KEN),Nairobi,KEN,-1.28333,36.81667,1677.0,43
"Los Angeles, CA (USA)",Los Angeles,USA,34.05223,-118.24368,91.0,43
"Armory Track&Field Center, New York, NY (USA) (i)",,,,,,43
"Ataköy Arena, Istanbul (TUR) (i)",,,,,,43
"Azusa, CA (USA)",Azusa,USA,34.13362,-117.90756,188.0,42
"Hornet Stadium - Sac St., Sacramento, CA (USA)",Sacramento,USA,38.58157,-121.4944,22.0,42
"Gallur, Madrid (ESP) (i)",,,,,,42
"Gilliam Indoor Track, College Station, TX (USA) (i)",,,,,,42
"Tampa, FL (USA)",Tampa,USA,27.94752,-82.45843,10.0,41
"Shanghai Stadium, Shanghai (CHN)",Shanghai,CHN,31.22222,121.45806,7.0,41
"Hutsell-Rosen Track, Auburn, AL (USA)",Auburn,USA,42.93173,-76.56605,206.0,41
"Grand Bahama Sports Complex, Freeport (BAH)",Freeport,BAH,42.29669,-89.62123,241.0,41
"Clyde Hart Track & Field Stadium, Waco, TX (USA)",Waco,USA,31.54933,-97.14667,148.0,40
"Kuishan Sports Center, Rizhao (CHN)",Rizhao,CHN,35.41414,119.52908,29.0,40
"Scotstoun Stadium, Glasgow (GBR)",Glasgow,GBR,55.86515,-4.25763,38.0,40
"Shangyu Stadium, Shaoxing (CHN)",Shaoxing,CHN,30.00237,120.57864,7.0,40
"Avangard Stadium, Lutsk (UKR)",Lutsk,UKR,50.75784,25.35024,192.0,40
"Wieslaw Maniak Municipal Athletic Stadium, Szczecin (POL)",Szczecin,POL,53.42894,14.55302,27.0,40
"Nishishina Athletic Stadium, Nobeoka (JPN)",Nobeoka,JPN,32.58333,131.66667,4.0,40
"Palaindoor Ancona, Ancona (ITA) (i)",,,,,,40
Jakarta (INA),Jakarta,INA,-6.21462,106.84513,18.0,39
"Štadión SNP, Banská Bystrica (SVK)",Banská Bystrica,SVK,48.73947,19.14932,379.0,39
"R.A. ""Murray"" Fasken Indoor Track Stadium, College Station, TX (USA) (i)",,,,,,39
"Kalinga Stadium, Bhubaneshwar (IND)",Bhubaneshwar,IND,,,,39
"Rector Fieldhouse, Blacksburg, VA (USA) (i)",,,,,,39
"Bloomington, IN (USA)",Bloomington,USA,39.16533,-86.52639,239.0,38
"Leppävaaran Stadion, Espoo (FIN)",Espoo,FIN,60.2052,24.6522,28.0,38
Zhukovskiy (RUS),Zhukovskiy,RUS,53.8904,59.012,451.0,38
"Arena Stade Couvert, Liévin (FRA) (i)",,,,,,38
"Mösle-Stadium, Götzis (AUT)",Götzis,AUT,47.33306,9.63306,425.0,37
"Stade des Grands Pêchers, Montreuil (FRA)",Montreuil,FRA,48.86415,2.44322,83.0,37
"Prefectural Stadium, Kumagaya (JPN)",Kumagaya,JPN,36.13497,139.39005,30.0,37
"Tucson, AZ (USA)",Tucson,USA,32.22174,-110.92648,758.0,37
"Stadion Allmend, Luzern (SUI)",Luzern,SUI,47.05048,8.30635,436.0,36
"Municipal Stadium, Hiroshima (JPN)",Hiroshima,JPN,34.4,132.45,8.0,36
"Fayetteville, AR (USA)",Fayetteville,USA,35.05266,-78.87836,36.0,35
"Lantos Mihály Sportközpont, Budapest (HUN)",Budapest,HUN,47.49835,19.04045,124.0,35
Kazan (RUS),Kazan,RUS,55.78874,49.12214,70.0,35
"Štark Arena, Beograd (SRB) (i)",,,,,,35
"Manchester Regional Arena, Manchester (GBR)",Manchester,GBR,53.48095,-2.23743,48.0,35
"CrossPlex Athletic Facility, Birmingham, AL (USA) (i)",Birmingham,,52.48142,-1.89983,151.0,35
"NITTAIDAI Athletic Stadium, Yokohama (JPN)",Yokohama,JPN,35.43333,139.65,26.0,35
"Aoba Park Athletic Field, Chitose (JPN)",Chitose,JPN,42.81944,141.65222,16.0,34
"QSAC State Athletics Facility, Nathan, Brisbane (AUS)",Brisbane,AUS,-27.46794,153.02809,27.0,33
"Supachalasai National Stadium, Bangkok (THA)",Bangkok,THA,13.75398,100.50144,7.0,33
"Jacksonville, FL (USA)",Jacksonville,USA,30.33218,-81.65565,6.0,33
"Slava Metreveli Stadium, Sochi (RUS)",Sochi,RUS,43.59699,39.72477,15.0,33
"Atletski stadion Poljane, Maribor (SLO)",Maribor,SLO,46.55583,15.64593,251.0,33
Patiala (IND),Patiala,IND,30.33625,76.3922,256.0,33
"Centro Sportivo Fontanassa, Savona (ITA)",Savona,ITA,44.30905,8.47715,11.0,32
"Stadio Colbachini, Padova (ITA)",Padova,ITA,44.38225,11.14261,329.0,32
"HOC Stadium, Hangzhou (CHN)",Hangzhou,CHN,30.29365,120.16142,11.0,32
"Ulinzi Sports Complex, Langata, Nairobi (KEN)",Nairobi,KEN,-1.28333,36.81667,1677.0,32
"Stadion Wankdorf, Bern (SUI)",Bern,SUI,46.94809,7.44744,554.0,32
Huelva (ESP),Huelva,ESP,37.26638,-6.94004,33.0,32
Sochi (RUS),Sochi,RUS,43.59699,39.72477,15.0,32
Cheboksary (RUS),Cheboksary,RUS,56.13218,47.246,126.0,32
Cochabamba (BOL),Cochabamba,BOL,-17.38195,-66.15995,2566.0,31
"Gainesville, FL (USA)",Gainesville,USA,29.65163,-82.32483,59.0,31
"Shuangliu Sports Centre, Chengdu (CHN)",Chengdu,CHN,30.66667,104.06667,494.0,31
Pretoria (RSA),Pretoria,RSA,-25.74486,28.18783,1321.0,30
"Kuortaneen keskusurheilukenttä, Kuortane (FIN)",Kuortane,FIN,62.8,23.5,81.0,30
"Pista atletismo Fuente de la Niña, Guadalajara (ESP)",Guadalajara,ESP,40.62862,-3.16185,718.0,30
Minsk (BLR),Minsk,BLR,53.90019,27.56653,226.0,30
"Jesuit High School Track, Portland, OR (USA)",Portland,USA,45.52345,-122.67621,13.0,30
"Pistes d'atletisme Gaetà Huguet, Castellón (ESP)",Castellón,ESP,39.98567,-0.04935,49.0,30
Moskva (RUS) (i),,,,,,30
"Městská sportovní hala, Hustopeče (CZE) (i)",,,,,,30
Chongqing (CHN),Chongqing,CHN,29.56026,106.55771,282.0,29
"Estadio Olimpico Juan Pablo Duarte, Santo Domingo (DOM)",Santo Domingo,DOM,18.47186,-69.89232,24.0,29
"Kentner Stadium Wake Forest University, Winston Salem, NC (USA)",Winston Salem,USA,,,,29
"Stadionul de atletism ""Nicolae Mărășescu"", Craiova (ROU)",Craiova,ROU,44.31667,23.8,111.0,29
"The Track at New Balance, Boston, MA (USA) (i)",,,,,,29
"Športová hala Dukla, Banská Bystrica (SVK) (i)",,,,,,29
"Pista de Atletismo da Universidade Federal do Mato Grosso, Cuiaba (BRA)",Cuiaba,BRA,-15.59611,-56.09667,193.0,28
"Stadio G. Teghil, Lignano Sabbiadoro (ITA)",Lignano Sabbiadoro,ITA,45.6759,13.11727,11.0,28
"Mestský Stadion Sletište, Kladno (CZE)",Kladno,CZE,50.14734,14.10285,390.0,28
"Albuquerque, NM (USA) (i)",,,,,,28
"Omnisport, Apeldoorn (NED) (i)",,,,,,28
"WA Athletics Stadium, Perth (AUS)",Perth,AUS,-31.95224,115.8614,23.0,27
"Centro de Treinamento Paralímpico Brasileiro, São Paulo (BRA)",São Paulo,BRA,-23.5475,-46.63611,745.0,27
"Cardinal Park, Louisville, KY (USA)",Louisville,USA,38.25424,-85.75941,144.0,27
Napoli (ITA),Napoli,ITA,13.18333,-16.18333,25.0,27
"Stade Complexe Olympique, Oran (ALG)",Oran,ALG,35.69906,-0.63588,108.0,27
"Rock Chalk Park, Lawrence, KS (USA)",Lawrence,USA,38.97167,-95.23525,265.0,27
"Estadio Universitario, Lisboa (POR)",Lisboa,POR,-20.12056,33.76583,78.0,27
"UNION-Stadion, Schönebeck (GER)",Schönebeck,GER,52.01682,11.7307,58.0,27
"Montverde, FL (USA)",Montverde,USA,28.60028,-81.67396,34.0,26
Bragança Paulista (BRA),Bragança Paulista,BRA,-22.9527,-46.54418,815.0,26
"Paul-Greifzu-Stadion, Dessau (GER)",Dessau,GER,51.83864,12.24555,63.0,26
"Stade Josette et Roger Mikulak, Angers (FRA)",Angers,FRA,47.47156,-0.55202,43.0,26
"Foote Field, Edmonton (CAN)",Edmonton,CAN,53.55014,-113.46871,613.0,26
"Arena Birmingham, Birmingham (GBR) (i)",Birmingham,,52.48142,-1.89983,151.0,26
"Estadio Enrique Lopez Cuenca, Nerja (ESP)",Nerja,ESP,36.75278,-3.8744,55.0,26
"Nashville, TN (USA)",Nashville,USA,36.16589,-86.78444,158.0,26
"Loftus Sports Center, Notre Dame, IN (USA) (i)",,,,,,26
"Centro Nacional de Lançamentos, Leiria (POR)",Leiria,POR,39.74362,-8.80705,32.0,26
"Bob Devaney Sports Center, Lincoln, NE (USA) (i)",,,,,,26
"Atletska dvorana, Beograd (SRB) (i)",,,,,,26
Marseille (FRA),Marseille,FRA,43.29695,5.38107,30.0,25
"Charlottesville, VA (USA)",Charlottesville,USA,38.02931,-78.47668,151.0,25
"Sportcity Regional Arena, Manchester (GBR)",Manchester,GBR,53.48095,-2.23743,48.0,25
"Stadion Manfort, Leverkusen (GER)",Leverkusen,GER,51.0303,6.98432,50.0,25
"Leichtathletikarena, Eisenstadt (AUT)",Eisenstadt,AUT,47.84565,16.52327,184.0,25
"Spec Towns Track, Athens, GA (USA)",Athens,USA,33.96095,-83.37794,224.0,25
"Long Beach, CA (USA)",Long Beach,USA,33.76696,-118.18923,14.0,25
"Sollentunavallen, Sollentuna (SWE)",Sollentuna,SWE,59.42804,17.95093,22.0,25
"College Station, TX (USA) (i)",,,,,,25
"Atletický stadion města Plzně, Plzeň (CZE)",Plzeň,CZE,49.67517,13.27462,354.0,25
"University of Ghana Sports Stadium, Accra (GHA)",Accra,GHA,5.55602,-0.1969,28.0,25
"Slottsskogsvallen, Göteborg (SWE)",Göteborg,SWE,57.70716,11.96679,9.0,25
Leiria (POR),Leiria,POR,39.74362,-8.80705,32.0,25
"Waco, TX (USA)",Waco,USA,31.54933,-97.14667,148.0,24
Doha (QAT),Doha,QAT,25.28545,51.53096,2.0,24
"Montverde Academy, Montverde, FL (USA)",Montverde,USA,28.60028,-81.67396,34.0,24
"Sichuan Xipu Training Base, Chengdu (CHN)",Chengdu,CHN,30.66667,104.06667,494.0,24
"Alfonso Galvis Duque Stadium, Medellín (COL)",Medellín,COL,6.245,-75.57151,1473.0,24
Liège (BEL),Liège,BEL,50.63373,5.56749,68.0,24
"Gunder Hägg Stadion, Gävle (SWE)",Gävle,SWE,60.67452,17.14174,14.0,24
"Life University Track & Field Stadium, Marietta, GA (USA)",Marietta,USA,33.9526,-84.54993,345.0,24
"Boston, MA (USA) (i)",,,,,,24
"AIS Athletics Track, Canberra (AUS)",Canberra,AUS,-35.28346,149.12807,568.0,24
"Atletická hala, Ostrava (CZE) (i)",Ostrava,,49.83465,18.28204,217.0,24
"Jack Rose Track, Long Beach, CA (USA)",Long Beach,USA,33.76696,-118.18923,14.0,24
"Harjun stadion, Jyväskylä (FIN)",Jyväskylä,FIN,62.24147,25.72088,118.0,23
"Morton Stadium, Santry, Dublin (IRL)",Dublin,IRL,53.33306,-6.24889,14.0,23
"Stadio Guidobaldi, Rieti (ITA)",Rieti,ITA,42.40476,12.85735,393.0,23
"Stade Pierre Paul Bernard, Talence (FRA)",Talence,FRA,44.80849,-0.58915,14.0,23
Nobeoka (JPN),Nobeoka,JPN,32.58333,131.66667,4.0,23
"Sree Kanteerava Outdoor Stadium, Bengaluru (IND)",Bengaluru,IND,12.97194,77.59369,918.0,23
Rehlingen (GER),Rehlingen,GER,53.10572,10.22092,52.0,22
"Takebishi Stadium, Kyoto (JPN)",Kyoto,JPN,35.02107,135.75385,51.0,22
"McLeod Stadium, Langley (CAN)",Langley,CAN,49.10107,-122.65883,15.0,22
"Veterans Memorial Stadium, Clovis, CA (USA)",Clovis,USA,36.82523,-119.70292,111.0,22
"John Jacobs Track Complex, Norman, OK (USA)",Norman,USA,35.22257,-97.43948,358.0,22
"Lakeside Stadium, Melbourne (AUS)",Melbourne,AUS,-37.814,144.96332,19.0,22
"Helmut-Körnig-Halle, Dortmund (GER) (i)",,,,,,22
"Torrance, CA (USA)",Torrance,USA,33.83585,-118.34063,30.0,21
"UJ Stadium, Johannesburg (RSA)",Johannesburg,RSA,-26.20227,28.04363,1749.0,21
"Marietta HS, Marietta, GA (USA)",Marietta,USA,33.9526,-84.54993,345.0,21
"UMiami Cobb Stadium, Coral Gables, FL (USA)",Coral Gables,USA,25.72149,-80.26838,5.0,21
"Alumni Stadium, Guelph (CAN)",Guelph,CAN,43.54594,-80.25599,334.0,21
"Pilditch Stadium, Pretoria (RSA)",Pretoria,RSA,-25.74486,28.18783,1321.0,21
"SV 03 Stadion, Tübingen (GER)",Tübingen,GER,48.52266,9.05222,334.0,21
"Bungertstadion, Rehlingen (GER)",Rehlingen,GER,53.10572,10.22092,52.0,21
"Coral Gables, FL (USA)",Coral Gables,USA,25.72149,-80.26838,5.0,21
"Uppsala Friidrottsarena, Uppsala (SWE)",Uppsala,SWE,59.85882,17.63889,17.0,21
"Central Stadium, Kazan (RUS)",Kazan,RUS,55.78874,49.12214,70.0,21
Colombo (SRI),Colombo,SRI,6.93548,79.84868,4.0,21
"Stadion Park Mladeži, Split (CRO)",Split,CRO,43.50891,16.43915,16.0,21
"Iron Wood Throwers Center, Rathdrum, ID (USA)",Rathdrum,USA,47.8124,-116.89659,674.0,21
São Paulo (BRA),São Paulo,BRA,-23.5475,-46.63611,745.0,20
"Centro de Atletismo Professor Oswaldo Terra, Sao Bernardo do Campo (BRA)",Sao Bernardo do Campo,BRA,-23.69389,-46.565,786.0,20
"Samuel Ogbemudia Stadium, Benin City (NGR)",Benin City,NGR,6.33815,5.62575,86.0,20
Bursa (TUR),Bursa,TUR,40.19559,29.06013,155.0,20
"Heinz-Steyer-Stadion, Dresden (GER)",Dresden,GER,51.05089,13.73832,116.0,20
"UVA Lanningan Field, Charlottesville, VA (USA)",Charlottesville,USA,38.02931,-78.47668,151.0,20
adidas Boost Boston Games,,,,,,20
"Stade Pierre de Coubertin, Montgeron (FRA)",Montgeron,FRA,48.70543,2.45039,79.0,20
"Lemon Gas Stadium, Hiratsuka (JPN)",Hiratsuka,JPN,35.32785,139.33736,7.0,20
Barcelona (ESP),Barcelona,ESP,41.38879,2.15899,44.0,20
"Estadi Joan Serrahima, Barcelona (ESP)",Barcelona,ESP,41.38879,2.15899,44.0,20
"USC Allyson Felix at Loker Track Stadium, Los Angeles, CA (USA)",Los Angeles,USA,34.05223,-118.24368,91.0,20
Birmingham (GBR),Birmingham,GBR,52.48142,-1.89983,151.0,20
"Lubbock, TX (USA) (i)",,,,,,20
"SPIRE Institute Indoor Track & Field Facility, Geneva, OH (USA) (i)",,,,,,20
Rovereto (ITA),Rovereto,ITA,45.8904,11.04053,202.0,20
Lutsk (UKR),Lutsk,UKR,50.75784,25.35024,192.0,20
"Jahnstadion, Neubrandenburg (GER)",Neubrandenburg,GER,53.55735,13.26105,19.0,20
"Fall Creek Pavilion, Indianapolis, IN (USA) (i)",,,,,,20
"Kujawsko-Pomorska Arena, Toruń (POL) (i)",,,,,,20
"Panthessaliko Stadium, Volos (GRE)",Volos,GRE,39.36923,22.94769,16.0,20
"Maison des Sports, Clermont-Ferrand (FRA) (i)",,,,,,20
Camagüey (CUB),Camagüey,CUB,21.38083,-77.91694,101.0,19
Albi (FRA),Albi,FRA,43.9298,2.148,177.0,19
La Habana (CUB),La Habana,CUB,28.8569,-111.31263,100.0,19
"Alumni Stadium, London (CAN)",London,CAN,42.98339,-81.23304,249.0,19
"University of South Florida Track & Field Stadium, Tampa, FL (USA)",Tampa,USA,27.94752,-82.45843,10.0,19
"Ishin Me-Life Stadium, Yamaguchi (JPN)",Yamaguchi,JPN,34.18333,131.46667,151.0,19
"Suzhou Olympic Sports Centre, Suzhou (CHN)",Suzhou,CHN,33.63611,116.97889,31.0,19
"Lipscomb Academy, Nashville, TN (USA)",Nashville,USA,36.16589,-86.78444,158.0,19
"Ocean Breeze Athl. Complex, New York, NY (USA) (i)",,,,,,19
"Stade Olympique, Rabat (MAR)",Rabat,MAR,34.01325,-6.83255,41.0,19
"Prefectural Shizuoka Stadium, Fukuroi (JPN)",Fukuroi,JPN,34.75,137.91667,12.0,19
"Stadio Zecchini, Grosseto (ITA)",Grosseto,ITA,42.76296,11.10941,14.0,19
"Cluj Arena, Cluj-Napoca (ROU)",Cluj-Napoca,ROU,46.76667,23.6,349.0,19
"Virginia Beach Sports Center, Virginia Beach, VA (USA) (i)",,,,,,19
"Palangos Stadionas, Palanga (LTU)",Palanga,LTU,55.9175,21.06861,10.0,19
"GPS Stadium, Nicosia (CYP)",Nicosia,CYP,35.17284,33.35397,154.0,19
"AFU Athletics Stadium, Tashkent (UZB)",Tashkent,UZB,41.26465,69.21627,426.0,19
"Sports Center, Bengbu (CHN)",Bengbu,CHN,32.94083,117.36083,25.0,19
"Baton Rouge, LA (USA)",Baton Rouge,USA,30.44332,-91.18747,18.0,18
"Jamaica College Ashenheim Stadium, Kingston (JAM)",Kingston,JAM,17.99702,-76.79358,62.0,18
"International Stadium, Yokohama (JPN)",Yokohama,JPN,35.43333,139.65,26.0,18
"Horizon HS, Winter Garden, FL (USA)",Winter Garden,USA,28.56528,-81.58618,41.0,18
Yamaguchi (JPN),Yamaguchi,JPN,34.18333,131.46667,151.0,18
"Stadion Zygmunta Szelesta, Warszawa (POL)",Warszawa,POL,41.4595,-81.64485,213.0,18
"Dick Vert Stadium, High Point, NC (USA)",High Point,USA,35.95569,-80.00532,288.0,18
"Estádio 1o de Maio, Braga (POR)",Braga,POR,41.5514,-8.42311,194.0,18
"Egao Kenko Stadium, Kumamoto (JPN)",Kumamoto,JPN,32.80589,130.6918,9.0,18
"SA Athletic Stadium, Adelaide (AUS)",Adelaide,AUS,-34.92866,138.59863,48.0,18
"Givat Ram Stadium, Jerusalem (ISR)",Jerusalem,ISR,31.76904,35.21633,792.0,18
Halle (GER),Halle,GER,51.48158,11.97947,115.0,18
"Ural GUFK, Chelyabinsk (RUS) (i)",,,,,,18
"x-bionic sphere, Šamorín (SVK)",Šamorín,SVK,48.03015,17.30972,132.0,17
"Clermont, FL (USA)",Clermont,USA,28.54944,-81.77285,44.0,17
Berlin (GER),Berlin,GER,52.52437,13.41053,46.0,17
"Stade Jean Jacoby, Schifflange (LUX)",Schifflange,LUX,49.50639,6.01278,292.0,17
Tarragona (ESP),Tarragona,ESP,41.11905,1.24544,25.0,17
Oordegem (BEL),Oordegem,BEL,50.95727,3.90201,35.0,17
Kortrijk (BEL),Kortrijk,BEL,50.82803,3.26487,20.0,17
"Stadion Deutweg, Winterthur (SUI)",Winterthur,SUI,47.50564,8.72413,441.0,17
"Sportcentrum Wembley, Kortrijk (BEL)",Kortrijk,BEL,50.82803,3.26487,20.0,17
"Irvine, CA (USA)",Irvine,USA,33.66946,-117.82311,18.0,17
Montesson (FRA),Montesson,FRA,48.90924,2.13754,37.0,17
"Olympic Park, Sydney (AUS)",Sydney,AUS,-33.86785,151.20732,51.0,17
"Alumni Field, Windsor (CAN)",Windsor,CAN,42.30008,-83.01654,188.0,17
"Gumi Civic Stadium, Gumi (KOR)",Gumi,KOR,36.1136,128.336,59.0,17
"Nga Puna Wai Sports Hub, Christchurch (NZL)",Christchurch,NZL,-43.53333,172.63333,7.0,17
"Province Naimette Arena, Liège (BEL)",Liège,BEL,50.63373,5.56749,68.0,17
"Marietta, GA (USA)",Marietta,USA,33.9526,-84.54993,345.0,17
"Fayetteville, AR (USA) (i)",,,,,,17
"Weaver Stadium, Princeton, NJ (USA)",Princeton,USA,38.35532,-87.56752,154.0,17
"Houston-Yeoman FH, Houston, TX (USA) (i)",,,,,,17
Chengdu (CHN),Chengdu,CHN,30.66667,104.06667,494.0,17
"Quarterback Immobilien Arena, Leipzig (GER) (i)",,,,,,17
"Nagaragawa Stadium, Gifu (JPN)",Gifu,JPN,35.42291,136.76039,17.0,17
"Stadium Jean-Pellez, Aubière (FRA) (i)",,,,,,17
"Moratalaz, Madrid (ESP)",Madrid,ESP,40.4165,-3.70256,651.0,16
Bellinzona (SUI),Bellinzona,SUI,46.19278,9.01703,226.0,16
Padova (ITA),Padova,ITA,44.38225,11.14261,329.0,16
Germiston (RSA),Germiston,RSA,-26.23481,28.17665,1643.0,16
"Greensboro, NC (USA)",Greensboro,USA,36.07264,-79.79198,257.0,16
Toronto (CAN),Toronto,CAN,43.70643,-79.39864,165.0,16
"Sportzentrum Niederösterreich, St. Pölten (AUT)",St. Pölten,AUT,,,,16
"Ray Conn Sports Complex, Cleveland, TN (USA)",Cleveland,USA,41.4995,-81.69541,200.0,16
Zhaoqing (CHN),Zhaoqing,CHN,23.04893,112.46091,18.0,16
"Prefectural Stadium, Fujiyoshida (JPN)",Fujiyoshida,JPN,35.44032,138.79585,1051.0,16
La Nucia (ESP),La Nucia,ESP,38.61372,-0.1269,246.0,16
"Atletski Stadion, Kraljevo (SRB)",Kraljevo,SRB,43.72583,20.68944,209.0,16
"Stade Naimette-Xhovémont, Liège (BEL)",Liège,BEL,50.63373,5.56749,68.0,16
"Centro Gabre Gabric, Brescia (ITA)",Brescia,ITA,45.53558,10.21472,148.0,16
"Jawaharlal Nehru Stadium, Chennai (IND)",Chennai,IND,13.08784,80.27847,15.0,16
Genève (SUI),Genève,SUI,46.20222,6.14569,405.0,16
"Msunduzi Athletics Stadium, Pietermaritzburg (RSA)",Pietermaritzburg,RSA,-29.61679,30.39278,638.0,16
Šamorín (SVK),Šamorín,SVK,48.03015,17.30972,132.0,16
"Atatürk Stadyumu, Izmir (TUR)",Izmir,TUR,38.41273,27.13838,114.0,16
"Stade des Martyrs, Kinshasa (COD)",Kinshasa,COD,-4.32758,15.31357,283.0,16
"Lied Recreation Center, Ames, IA (USA) (i)",,,,,,16
"Messehalle, Karlsruhe (GER) (i)",,,,,,16
"Znamenskikh Stadion, Moskva (RUS)",Moskva,RUS,55.75204,37.61781,151.0,16
Sydney (AUS),Sydney,AUS,-33.86785,151.20732,51.0,16
Brisbane (AUS),Brisbane,AUS,-27.46794,153.02809,27.0,15
"Sepp-Herberger-Stadion, Weinheim (GER)",Weinheim,GER,49.54887,8.66697,118.0,15
"Rhodes College, Memphis, TN (USA)",Memphis,USA,35.14953,-90.04898,84.0,15
"New Mexico JC, Hobbs, NM (USA)",Hobbs,USA,32.70261,-103.13604,1107.0,15
"Stade Omnisport de JAPOMA, Douala (CMR)",Douala,CMR,4.04827,9.70428,17.0,15
"Germiston Stadium, Johannesburg (RSA)",Johannesburg,RSA,-26.20227,28.04363,1749.0,15
Guiyang (CHN),Guiyang,CHN,26.58333,106.71667,1081.0,15
"Stadion Schützenmatte, Basel (SUI)",Basel,SUI,47.55839,7.57327,283.0,15
"Demirjian Park, Champaign, IL (USA)",Champaign,USA,40.11642,-88.24338,227.0,15
"Atıcılar Atletizm Sahası, Bursa (TUR)",Bursa,TUR,40.19559,29.06013,155.0,15
"Stade Sottevillais 76, Sotteville-lès-Rouen (FRA)",Sotteville-lès-Rouen,FRA,49.40972,1.09005,17.0,15
"Stade d'Athletisme Pierre Voillequin, Troyes (FRA)",Troyes,FRA,48.30073,4.08524,111.0,15
"Pista de Atletismo Felix Sanchez, Santo Domingo (DOM)",Santo Domingo,DOM,18.47186,-69.89232,24.0,15
"Portland, OR (USA)",Portland,USA,45.52345,-122.67621,13.0,15
"Athletics Stadium, Shibetsu (JPN)",Shibetsu,JPN,44.17137,142.39517,126.0,15
"Utilita Arena Birmingham, Birmingham (GBR) (i)",Birmingham,,52.48142,-1.89983,151.0,15
"Le Grand Stade, Marrakech (MAR)",Marrakech,MAR,,,,15
"Moselstadion, Trier (GER)",Trier,GER,49.75565,6.63935,144.0,15
"Morris Williams T&F Stadium, Durham, NC (USA)",Durham,USA,35.99403,-78.89862,124.0,15
San Salvador (ESA),San Salvador,ESA,43.45,-8.15,274.0,15
Bhubaneshwar (IND),Bhubaneshwar,IND,,,,15
"Stade d'Athlétisme Hautepierre, Strasbourg (FRA)",Strasbourg,FRA,48.58392,7.74553,150.0,15
"Estádio Dr. Magalhães Pessoa, Leiria (POR)",Leiria,POR,39.74362,-8.80705,32.0,15
"Olimpiyets Arena, Mogilyov (BLR) (i)",,,,,,15
Joensuu (FIN),Joensuu,FIN,62.60118,29.76316,85.0,15
"Expocentro, Pombal (POR) (i)",,,,,,15
"Complexe Kindarena, Rouen (FRA) (i)",,,,,,15
Ninove (BEL),Ninove,BEL,50.82776,4.02657,15.0,14
Queretaro (MEX),Queretaro,MEX,15.83752,-92.75774,669.0,14
St-Etienne (FRA),St-Etienne,FRA,,,,14
"Hokuroku Park Athletic Field, Fujiyoshida (JPN)",Fujiyoshida,JPN,35.44032,138.79585,1051.0,14
"Ole Miss T&F Complex, Oxford, MS (USA)",Oxford,USA,34.3665,-89.51925,156.0,14
"Campo Scuola Moreno Martini, Lucca (ITA)",Lucca,ITA,43.84369,10.50447,30.0,14
Almaty (KAZ),Almaty,KAZ,43.25249,76.9115,790.0,14
"Stadion Lekkoatletyczny, Suwalki (POL)",Suwalki,POL,54.11175,22.93087,180.0,14
"Olympic Center, Shenyang (CHN)",Shenyang,CHN,41.79222,123.43278,51.0,14
"Estadi Olímpic Camilo Cano, La Nucia (ESP)",La Nucia,ESP,38.61372,-0.1269,246.0,14
"Carl-Kaufmann-Stadion, Karlsruhe (GER)",Karlsruhe,GER,49.00937,8.40444,122.0,14
Port-of-Spain (TTO),Port-of-Spain,TTO,,,,14
Bruxelles (BEL),Bruxelles,BEL,,,,14
"Douglas Track & Field, Auckland (NZL)",Auckland,NZL,-36.84853,174.76349,30.0,14
"Birsa Munda Foot Ball Stadium, Morabadi, Ranchi (IND)",Ranchi,IND,23.34316,85.3094,643.0,14
"Velódromo Luis Puig, Valencia (ESP) (i)",,,,,,14
"Mary Peters Track, Belfast (GBR)",Belfast,GBR,54.59682,-5.92541,6.0,14
"Stade d'Honneur Marcel Roustan, Salon-de-Provence (FRA)",Salon-de-Provence,FRA,43.64229,5.09478,79.0,14
"Norton Sports Center, Louisville, KY (USA) (i)",,,,,,14
"Sports Center, Jiaxing (CHN)",Jiaxing,CHN,30.7522,120.75,9.0,14
"Xipu Training Base Indoor Athletics Stadium, Chengdu (CHN) (i)",,,,,,14
Ogre (LAT),Ogre,LAT,56.8162,24.61401,39.0,14
"ETSV Stadion, Offenburg (GER)",Offenburg,GER,48.47377,7.94495,164.0,14
