discipline,Competitor,DOB,Mark,WIND,Nat,Venue,Meeting,Date,year,Pos,tier,group,competitionId,source
men_HT,Markelo MEMA,24 MAY 2001,70.91,,ALB,"Suez Canal Authority Stadium, Ismailia (EGY)",Egypt Winter Cup,23 FEB 2026,2026,1.0,D,Continental Tour,7237631,worldwide
men_HT,Jerome VEGA,07 JUL 1995,61.52,,PUR,"Pista Basilio Rodriguez, Carolina (PUR)",20th Carolina Spring Break Camp/Classic,13 MAR 2026,2026,1.0,D,Continental Tour,7238382,worldwide
men_HT,Shota FUKUDA,28 NOV 2000,70.25,,JPN,"SA Athletic Stadium, Adelaide (AUS)",Adelaide Invitational,13 MAR 2026,2026,1.0,C,Continental Tour,7232366,worldwide
men_HT,Ryota KASHIMURA,13 AUG 1991,67.08,,JPN,"SA Athletic Stadium, Adelaide (AUS)",Adelaide Invitational,13 MAR 2026,2026,4.0,C,Continental Tour,7232366,worldwide
men_HT,Rowan HAMILTON,29 JAN 2000,76.51,,CAN,"Mike A. Myers Stadium, Austin, TX (USA)",Clyde Littlefield Texas Relays presented by Truist,02 APR 2026,2026,1.0,D,Continental Tour,7237530,worldwide
men_HT,Mason PHILLIPS,,48.68,,USA,"Cougar Athletic Stadium, Azusa, CA (USA)",Bryan Clay Invitational,17 APR 2026,2026,15.0,D,Continental Tour,7237976,worldwide
men_HT,Texas TANNER,01 OCT 2004,74.83,,USA,"Millican Field at Throw Town, Ramona, OK (USA)",Oklahoma Throws Series World Invitational,10 APR 2026,2026,1.0,C,Continental Tour,7236488,worldwide
men_HT,Tyler WILLIAMS,05 APR 1993,74.67,,USA,"Millican Field at Throw Town, Ramona, OK (USA)",Oklahoma Throws Series World Invitational,10 APR 2026,2026,2.0,C,Continental Tour,7236488,worldwide
men_HT,Kieran MCKEAG,18 APR 1998,73.12,,USA,"Millican Field at Throw Town, Ramona, OK (USA)",Oklahoma Throws Series World Invitational,10 APR 2026,2026,3.0,C,Continental Tour,7236488,worldwide
men_HT,Alex YOUNG,01 SEP 1994,72.25,,USA,"Millican Field at Throw Town, Ramona, OK (USA)",Oklahoma Throws Series World Invitational,10 APR 2026,2026,4.0,C,Continental Tour,7236488,worldwide
men_HT,Kade MCCALL,13 MAR 2002,70.83,,USA,"Millican Field at Throw Town, Ramona, OK (USA)",Oklahoma Throws Series World Invitational,10 APR 2026,2026,5.0,C,Continental Tour,7236488,worldwide
men_HT,Avery CARTER,23 APR 1996,69.93,,USA,"Millican Field at Throw Town, Ramona, OK (USA)",Oklahoma Throws Series World Invitational,10 APR 2026,2026,6.0,C,Continental Tour,7236488,worldwide
men_HT,Humberto MANSILLA,22 MAY 1996,74.13,,CHI,"Pista Atlética Mario Recordón, Santiago de Chile (CHI)",Chilean Championships,10 APR 2026,2026,1.0,B,National Championships,7236143,worldwide
men_HT,Gabriel KEHR,03 SEP 1996,71.54,,CHI,"Pista Atlética Mario Recordón, Santiago de Chile (CHI)",Chilean Championships,10 APR 2026,2026,2.0,B,National Championships,7236143,worldwide
men_HT,Tshepang MAKHETHE,19 FEB 1996,68.86,,RSA,"Coetzenburg Stadium, Stellenbosch (RSA)",South African Championships,18 APR 2026,2026,1.0,B,National Championships,7237289,worldwide
men_HT,Alan CUMMING,21 MAR 1996,67.87,,RSA,"Coetzenburg Stadium, Stellenbosch (RSA)",South African Championships,18 APR 2026,2026,2.0,B,National Championships,7237289,worldwide
men_HT,Renaldo FRECHOU,04 MAR 1992,58.85,,RSA,"Coetzenburg Stadium, Stellenbosch (RSA)",South African Championships,18 APR 2026,2026,4.0,B,National Championships,7237289,worldwide
men_HT,Mykhaylo KOKHAN,22 JAN 2001,78.07,,UKR,"Atatürk Stadyumu, Izmir (TUR)",Nurullah Ivak Throwing Cup,19 APR 2026,2026,1.0,D,Continental Tour,7236739,worldwide
men_HT,Halil YILMAZER,24 AUG 2001,73.24,,TUR,"Atatürk Stadyumu, Izmir (TUR)",Nurullah Ivak Throwing Cup,19 APR 2026,2026,2.0,D,Continental Tour,7236739,worldwide
men_HT,Özkan BALTACI,13 FEB 1994,72.63,,TUR,"Atatürk Stadyumu, Izmir (TUR)",Nurullah Ivak Throwing Cup,19 APR 2026,2026,3.0,D,Continental Tour,7236739,worldwide
men_HT,Emre ÇIFTÇI,30 JUL 2004,70.22,,TUR,"Atatürk Stadyumu, Izmir (TUR)",Nurullah Ivak Throwing Cup,19 APR 2026,2026,4.0,D,Continental Tour,7236739,worldwide
men_HT,Humberto MANSILLA,22 MAY 1996,75.04,,CHI,"Pista Atlética Mario Recordón, Santiago de Chile (CHI)",Continental Tour Orlando Guaita,19 APR 2026,2026,1.0,C,Continental Tour,7239057,worldwide
men_HT,Gabriel KEHR,03 SEP 1996,74.43,,CHI,"Pista Atlética Mario Recordón, Santiago de Chile (CHI)",Continental Tour Orlando Guaita,19 APR 2026,2026,2.0,C,Continental Tour,7239057,worldwide
men_HT,Jerome VEGA,07 JUL 1995,73.95,,PUR,"Pista Atlética Mario Recordón, Santiago de Chile (CHI)",Continental Tour Orlando Guaita,19 APR 2026,2026,3.0,C,Continental Tour,7239057,worldwide
men_HT,Joaquin GOMEZ,14 OCT 1996,75.53,,ARG,"CeNARD, Buenos Aires (ARG)",Challenger Continental Tour Hugo M. La Nasa,19 APR 2026,2026,1.0,D,Continental Tour,7239581,worldwide
men_HT,Allan WOLSKI,18 JAN 1990,66.35,,BRA,"CeNARD, Buenos Aires (ARG)",Challenger Continental Tour Hugo M. La Nasa,19 APR 2026,2026,5.0,D,Continental Tour,7239581,worldwide
men_HT,Rudy WINKLER,06 DEC 1994,78.75,,USA,"Drake Stadium, Des Moines, IA (USA)",116th Drake Relays,23 APR 2026,2026,1.0,B,Continental Tour,7237033,worldwide
men_HT,Texas TANNER,01 OCT 2004,77.16,,USA,"Drake Stadium, Des Moines, IA (USA)",116th Drake Relays,23 APR 2026,2026,2.0,B,Continental Tour,7237033,worldwide
men_HT,Christos FRANTZESKAKIS,26 APR 2000,76.27,,GRE,"Drake Stadium, Des Moines, IA (USA)",116th Drake Relays,23 APR 2026,2026,3.0,B,Continental Tour,7237033,worldwide
men_HT,Ryan JOHNSON,26 JAN 2005,75.89,,USA,"Drake Stadium, Des Moines, IA (USA)",116th Drake Relays,23 APR 2026,2026,4.0,B,Continental Tour,7237033,worldwide
men_HT,Daniel HAUGH,03 MAY 1995,75.53,,USA,"Drake Stadium, Des Moines, IA (USA)",116th Drake Relays,23 APR 2026,2026,5.0,B,Continental Tour,7237033,worldwide
men_HT,Trey KNIGHT,24 MAY 2002,75.4,,USA,"Drake Stadium, Des Moines, IA (USA)",116th Drake Relays,23 APR 2026,2026,6.0,B,Continental Tour,7237033,worldwide
men_HT,Konstantinos ZALTOS,05 FEB 2000,75.23,,GRE,"Drake Stadium, Des Moines, IA (USA)",116th Drake Relays,23 APR 2026,2026,7.0,B,Continental Tour,7237033,worldwide
men_HT,Tyler WILLIAMS,05 APR 1993,74.68,,USA,"Drake Stadium, Des Moines, IA (USA)",116th Drake Relays,23 APR 2026,2026,8.0,B,Continental Tour,7237033,worldwide
men_HT,Tanner BERG,26 JUL 1999,72.51,,USA,"Drake Stadium, Des Moines, IA (USA)",116th Drake Relays,23 APR 2026,2026,9.0,B,Continental Tour,7237033,worldwide
men_HT,Rowan HAMILTON,29 JAN 2000,71.52,,CAN,"Drake Stadium, Des Moines, IA (USA)",116th Drake Relays,23 APR 2026,2026,10.0,B,Continental Tour,7237033,worldwide
men_HT,Kade MCCALL,13 MAR 2002,70.39,,USA,"Drake Stadium, Des Moines, IA (USA)",116th Drake Relays,23 APR 2026,2026,11.0,B,Continental Tour,7237033,worldwide
men_HT,Ethan KATZBERG,05 APR 2002,82.43,,CAN,"Nyayo National Stadium, Nairobi (KEN)",Kip Keino Classic,24 APR 2026,2026,1.0,A,Continental Tour,7233226,worldwide
men_HT,Mykhaylo KOKHAN,22 JAN 2001,81.26,,UKR,"Nyayo National Stadium, Nairobi (KEN)",Kip Keino Classic,24 APR 2026,2026,2.0,A,Continental Tour,7233226,worldwide
men_HT,Volodymyr MYSLYVČUK,25 APR 1996,77.71,,CZE,"Nyayo National Stadium, Nairobi (KEN)",Kip Keino Classic,24 APR 2026,2026,3.0,A,Continental Tour,7233226,worldwide
men_HT,Dániel RÁBA,24 APR 1998,72.83,,HUN,"Nyayo National Stadium, Nairobi (KEN)",Kip Keino Classic,24 APR 2026,2026,4.0,A,Continental Tour,7233226,worldwide
men_HT,Mostafa ELGAMEL,01 OCT 1988,66.84,,EGY,"Nyayo National Stadium, Nairobi (KEN)",Kip Keino Classic,24 APR 2026,2026,5.0,A,Continental Tour,7233226,worldwide
men_HT,Tarik O'HAGAN,25 NOV 2003,73.0,,USA,"LSU Bernie Moore Stadium, Baton Rouge, LA (USA)",LSU Invitational,02 MAY 2026,2026,1.0,D,Continental Tour,7239723,worldwide
men_HT,Ryota KASHIMURA,13 AUG 1991,68.01,,JPN,"Prefectural Shizuoka Stadium, Fukuroi (JPN)",41st Shizuoka International Athletics Meet,03 MAY 2026,2026,2.0,C,Continental Tour,7238867,worldwide
men_HT,Kunihiro SUMI,27 FEB 1994,64.38,,JPN,"Prefectural Shizuoka Stadium, Fukuroi (JPN)",41st Shizuoka International Athletics Meet,03 MAY 2026,2026,3.0,C,Continental Tour,7238867,worldwide
men_HT,Matija GREGURIĆ,17 SEP 1996,74.35,,CRO,"Centro di Atletica, Busto Arsizio (ITA)",ESET WMD-Night,03 MAY 2026,2026,1.0,D,Continental Tour,7234844,worldwide
men_HT,Patrik HÁJEK,11 NOV 1998,73.84,,CZE,"Centro di Atletica, Busto Arsizio (ITA)",ESET WMD-Night,03 MAY 2026,2026,2.0,D,Continental Tour,7234844,worldwide
men_HT,Giorgio OLIVIERI,05 NOV 2000,72.33,,ITA,"Centro di Atletica, Busto Arsizio (ITA)",ESET WMD-Night,03 MAY 2026,2026,3.0,D,Continental Tour,7234844,worldwide
men_HT,Davide COSTA,15 SEP 2002,70.09,,ITA,"Centro di Atletica, Busto Arsizio (ITA)",ESET WMD-Night,03 MAY 2026,2026,4.0,D,Continental Tour,7234844,worldwide
men_HT,Marco LINGUA,04 JUN 1978,67.8,,ITA,"Centro di Atletica, Busto Arsizio (ITA)",ESET WMD-Night,03 MAY 2026,2026,6.0,D,Continental Tour,7234844,worldwide
men_HT,Ywunchul LEE,28 MAR 1982,68.66,,KOR,"Jeongseon Sports Complex, Jeongseon (KOR)",80th Korean Championships,11 MAY 2026,2026,1.0,B,National Championships,7237613,worldwide
men_HT,Mostafa ELGAMEL,01 OCT 1988,72.58,,EGY,"University of Ghana Sports Stadium, Accra (GHA)",African Athletics Championships,16 MAY 2026,2026,1.0,GL,Area Champs,7238651,worldwide
men_HT,Ahmed Tarek ISMAIL,18 OCT 1997,68.27,,EGY,"University of Ghana Sports Stadium, Accra (GHA)",African Athletics Championships,16 MAY 2026,2026,2.0,GL,Area Champs,7238651,worldwide
men_HT,Tshepang MAKHETHE,19 FEB 1996,67.27,,RSA,"University of Ghana Sports Stadium, Accra (GHA)",African Athletics Championships,16 MAY 2026,2026,3.0,GL,Area Champs,7238651,worldwide
men_HT,Mohsen ANANI,21 MAY 1985,NM,,TUN,"University of Ghana Sports Stadium, Accra (GHA)",African Athletics Championships,16 MAY 2026,2026,,GL,Area Champs,7238651,worldwide
men_HT,Ashraf ELSEIFY,20 FEB 1995,70.18,,QAT,"Suhaim bin Hamad Stadium, Doha (QAT)",GCC Games,15 MAY 2026,2026,1.0,D,Area Regional Champs,7238929,worldwide
men_HT,Jake NORRIS,30 JUN 1999,77.76,,GBR,"Werferzentrum Brandberge, Halle (GER)",51. Halplus Werfertage,16 MAY 2026,2026,1.0,D,Continental Tour,7234127,worldwide
men_HT,Merlin HUMMEL,04 JAN 2002,77.64,,GER,"Werferzentrum Brandberge, Halle (GER)",51. Halplus Werfertage,16 MAY 2026,2026,2.0,D,Continental Tour,7234127,worldwide
men_HT,Donát VARGA,08 APR 2000,74.47,,HUN,"Werferzentrum Brandberge, Halle (GER)",51. Halplus Werfertage,16 MAY 2026,2026,3.0,D,Continental Tour,7234127,worldwide
men_HT,Adam KELLY,06 JUL 1997,73.83,,EST,"Werferzentrum Brandberge, Halle (GER)",51. Halplus Werfertage,16 MAY 2026,2026,4.0,D,Continental Tour,7234127,worldwide
men_HT,Patrik HÁJEK,11 NOV 1998,73.51,,CZE,"Werferzentrum Brandberge, Halle (GER)",51. Halplus Werfertage,16 MAY 2026,2026,5.0,D,Continental Tour,7234127,worldwide
men_HT,Torben SCHAPER,03 MAY 2002,66.52,,GER,"Werferzentrum Brandberge, Halle (GER)",51. Halplus Werfertage,16 MAY 2026,2026,7.0,D,Continental Tour,7234127,worldwide
men_HT,Mergen MAMMEDOV,24 DEC 1990,73.55,,TKM,"Sport Complex, Ashgabat (TKM)",Turkmen Championships,21 MAY 2026,2026,1.0,B,National Championships,7236139,worldwide
men_HT,Ronald MENCIA ZAYAS,26 AUG 2002,77.07,,CUB,"Estadio Panamericano, La Habana (CUB)",Cuban Championships,22 MAY 2026,2026,1.0,B,National Championships,7241784,worldwide
men_HT,Miguel Ángel ZAMORA,25 JAN 1999,68.91,,CUB,"Estadio Panamericano, La Habana (CUB)",Cuban Championships,22 MAY 2026,2026,2.0,B,National Championships,7241784,worldwide
men_HT,Mostafa ELGAMEL,01 OCT 1988,74.78,,EGY,"The Olympic Center For Training National Teams, Cairo (EGY)","Egyptian Championships - Shot Put, Discus Throw, Hammer Throw",22 MAY 2026,2026,1.0,B,National Championships,7242930,worldwide
men_HT,Ahmed Tarek ISMAIL,18 OCT 1997,67.68,,EGY,"The Olympic Center For Training National Teams, Cairo (EGY)","Egyptian Championships - Shot Put, Discus Throw, Hammer Throw",22 MAY 2026,2026,2.0,B,National Championships,7242930,worldwide
men_HT,Rudy WINKLER,06 DEC 1994,80.88,,USA,"Univ. of Arizona Roy P. Drachman Stadium, Tucson, AZ (USA)",USATF Throws Festival,23 MAY 2026,2026,1.0,B,Continental Tour,7236526,worldwide
men_HT,Trey KNIGHT,24 MAY 2002,78.01,,USA,"Univ. of Arizona Roy P. Drachman Stadium, Tucson, AZ (USA)",USATF Throws Festival,23 MAY 2026,2026,2.0,B,Continental Tour,7236526,worldwide
men_HT,Rowan HAMILTON,29 JAN 2000,76.55,,CAN,"Univ. of Arizona Roy P. Drachman Stadium, Tucson, AZ (USA)",USATF Throws Festival,23 MAY 2026,2026,3.0,B,Continental Tour,7236526,worldwide
men_HT,Tyler WILLIAMS,05 APR 1993,76.45,,USA,"Univ. of Arizona Roy P. Drachman Stadium, Tucson, AZ (USA)",USATF Throws Festival,23 MAY 2026,2026,4.0,B,Continental Tour,7236526,worldwide
men_HT,Alex YOUNG,01 SEP 1994,76.39,,USA,"Univ. of Arizona Roy P. Drachman Stadium, Tucson, AZ (USA)",USATF Throws Festival,23 MAY 2026,2026,5.0,B,Continental Tour,7236526,worldwide
men_HT,Rory DEVANEY,15 JUL 2004,72.60,,IRL,"Univ. of Arizona Roy P. Drachman Stadium, Tucson, AZ (USA)",USATF Throws Festival,23 MAY 2026,2026,8.0,B,Continental Tour,7236526,worldwide
men_HT,Kristofer EMIG,31 OCT 2001,71.58,,HUN,"Univ. of Arizona Roy P. Drachman Stadium, Tucson, AZ (USA)",USATF Throws Festival,23 MAY 2026,2026,9.0,B,Continental Tour,7236526,worldwide
men_HT,Kade MCCALL,13 MAR 2002,71.50,,USA,"Univ. of Arizona Roy P. Drachman Stadium, Tucson, AZ (USA)",USATF Throws Festival,23 MAY 2026,2026,10.0,B,Continental Tour,7236526,worldwide
men_HT,Kieran MCKEAG,18 APR 1998,70.61,,USA,"Univ. of Arizona Roy P. Drachman Stadium, Tucson, AZ (USA)",USATF Throws Festival,23 MAY 2026,2026,11.0,B,Continental Tour,7236526,worldwide
men_HT,Dawid PIŁAT,06 FEB 2002,74.39,,POL,"Atletický štadión, Martin (SVK)",TIPOS Challenge Slovakia,23 MAY 2026,2026,1.0,D,Continental Tour,7235035,worldwide
men_HT,Gábor CZELLER,03 JUL 1999,71.46,,HUN,"Atletický štadión, Martin (SVK)",TIPOS Challenge Slovakia,23 MAY 2026,2026,2.0,D,Continental Tour,7235035,worldwide
men_HT,Marcel LOMNICKÝ,06 JUL 1987,69.84,,SVK,"Atletický štadión, Martin (SVK)",TIPOS Challenge Slovakia,23 MAY 2026,2026,4.0,D,Continental Tour,7235035,worldwide
men_HT,Iosif KESIDIS,19 AUG 2005,77.68,,CYP,"Municipal Sports Center, Alexandria (GRE)",Alexandrino Meeting - Georgios Pantos Memorial,24 MAY 2026,2026,1.0,D,Continental Tour,7235096,worldwide
men_HT,Markelo MEMA,24 MAY 2001,76.33,,ALB,"Municipal Sports Center, Alexandria (GRE)",Alexandrino Meeting - Georgios Pantos Memorial,24 MAY 2026,2026,2.0,D,Continental Tour,7235096,worldwide
men_HT,Michail ANASTASAKIS,03 DEC 1994,76.10,,GRE,"Municipal Sports Center, Alexandria (GRE)",Alexandrino Meeting - Georgios Pantos Memorial,24 MAY 2026,2026,3.0,D,Continental Tour,7235096,worldwide
men_HT,Orestis NTOUSAKIS,02 MAY 2002,74.53,,GRE,"Municipal Sports Center, Alexandria (GRE)",Alexandrino Meeting - Georgios Pantos Memorial,24 MAY 2026,2026,4.0,D,Continental Tour,7235096,worldwide
men_HT,Georgios PAPANASTASIOU,09 DEC 2005,74.46,,GRE,"Municipal Sports Center, Alexandria (GRE)",Alexandrino Meeting - Georgios Pantos Memorial,24 MAY 2026,2026,5.0,D,Continental Tour,7235096,worldwide
men_HT,Ioannis KORAKIDIS,23 JUN 2003,74.40,,GRE,"Municipal Sports Center, Alexandria (GRE)",Alexandrino Meeting - Georgios Pantos Memorial,24 MAY 2026,2026,6.0,D,Continental Tour,7235096,worldwide
men_HT,Alexandros POURSANIDIS,23 JAN 1993,68.08,,CYP,"Municipal Sports Center, Alexandria (GRE)",Alexandrino Meeting - Georgios Pantos Memorial,24 MAY 2026,2026,7.0,D,Continental Tour,7235096,worldwide
men_HT,Yann CHAUSSINAND,11 MAY 1998,81.07,,FRA,"Fana Stadion, Bergen (NOR)",Trond Mohn Games,28 MAY 2026,2026,1.0,B,Continental Tour,7235125,worldwide
men_HT,Bence HALÁSZ,04 AUG 1997,80.59,,HUN,"Fana Stadion, Bergen (NOR)",Trond Mohn Games,28 MAY 2026,2026,2.0,B,Continental Tour,7235125,worldwide
men_HT,Mykhaylo KOKHAN,22 JAN 2001,79.62,,UKR,"Fana Stadion, Bergen (NOR)",Trond Mohn Games,28 MAY 2026,2026,3.0,B,Continental Tour,7235125,worldwide
men_HT,Merlin HUMMEL,04 JAN 2002,79.56,,GER,"Fana Stadion, Bergen (NOR)",Trond Mohn Games,28 MAY 2026,2026,4.0,B,Continental Tour,7235125,worldwide
men_HT,Ármin SZABADOS,11 JAN 2006,78.84,,HUN,"Fana Stadion, Bergen (NOR)",Trond Mohn Games,28 MAY 2026,2026,5.0,B,Continental Tour,7235125,worldwide
men_HT,Thomas MARDAL,16 APR 1997,78.66,,NOR,"Fana Stadion, Bergen (NOR)",Trond Mohn Games,28 MAY 2026,2026,6.0,B,Continental Tour,7235125,worldwide
men_HT,Hilmar Örn JÓNSSON,06 MAY 1996,75.48,,ISL,"Fana Stadion, Bergen (NOR)",Trond Mohn Games,28 MAY 2026,2026,7.0,B,Continental Tour,7235125,worldwide
men_HT,Eivind HENRIKSEN,14 SEP 1990,70.46,,NOR,"Fana Stadion, Bergen (NOR)",Trond Mohn Games,28 MAY 2026,2026,8.0,B,Continental Tour,7235125,worldwide
men_HT,Iosif KESIDIS,19 AUG 2005,77.84,,CYP,"Tsirio Stadium, Limassol (CYP)",Cyprus International Athletics Meeting,29 MAY 2026,2026,1.0,C,Continental Tour,7234133,worldwide
men_HT,Matija GREGURIĆ,17 SEP 1996,75.21,,CRO,"Tsirio Stadium, Limassol (CYP)",Cyprus International Athletics Meeting,29 MAY 2026,2026,2.0,C,Continental Tour,7234133,worldwide
men_HT,Donát VARGA,08 APR 2000,74.15,,HUN,"Tsirio Stadium, Limassol (CYP)",Cyprus International Athletics Meeting,29 MAY 2026,2026,3.0,C,Continental Tour,7234133,worldwide
men_HT,Michail ANASTASAKIS,03 DEC 1994,74.10,,GRE,"Tsirio Stadium, Limassol (CYP)",Cyprus International Athletics Meeting,29 MAY 2026,2026,4.0,C,Continental Tour,7234133,worldwide
men_HT,Patrik HÁJEK,11 NOV 1998,72.17,,CZE,"Tsirio Stadium, Limassol (CYP)",Cyprus International Athletics Meeting,29 MAY 2026,2026,5.0,C,Continental Tour,7234133,worldwide
men_HT,Konstantinos ZALTOS,05 FEB 2000,72.13,,GRE,"Tsirio Stadium, Limassol (CYP)",Cyprus International Athletics Meeting,29 MAY 2026,2026,6.0,C,Continental Tour,7234133,worldwide
men_HT,Christos FRANTZESKAKIS,26 APR 2000,71.42,,GRE,"Tsirio Stadium, Limassol (CYP)",Cyprus International Athletics Meeting,29 MAY 2026,2026,7.0,C,Continental Tour,7234133,worldwide
men_HT,Alexandros POURSANIDIS,23 JAN 1993,65.78,,CYP,"Tsirio Stadium, Limassol (CYP)",Cyprus International Athletics Meeting,29 MAY 2026,2026,8.0,C,Continental Tour,7234133,worldwide
men_HT,He JIANG,20 JUL 1998,63.31,,CHN,"Sports Center, Bengbu (CHN)",National Athletics Grand Prix 4,30 MAY 2026,2026,9.0,D,Continental Tour,7241789,worldwide
men_HT,Henri LIIPOLA,24 APR 1994,75.45,,FIN,"Østerbro Stadium, Copenhagen (DEN)",Nordic Senior Championships,30 MAY 2026,2026,1.0,C,Area Regional Champs,7237523,worldwide
men_HT,Hilmar Örn JÓNSSON,06 MAY 1996,75.10,,ISL,"Østerbro Stadium, Copenhagen (DEN)",Nordic Senior Championships,30 MAY 2026,2026,2.0,C,Area Regional Champs,7237523,worldwide
men_HT,Roope AUVINEN,17 FEB 1998,71.79,,FIN,"Østerbro Stadium, Copenhagen (DEN)",Nordic Senior Championships,30 MAY 2026,2026,3.0,C,Area Regional Champs,7237523,worldwide
men_HT,Tuomas SEPPÄNEN,16 MAY 1986,69.86,,FIN,"Østerbro Stadium, Copenhagen (DEN)",Nordic Senior Championships,30 MAY 2026,2026,4.0,C,Area Regional Champs,7237523,worldwide
men_HT,Marco KAMMER,26 FEB 1998,66.36,,FIN,"Østerbro Stadium, Copenhagen (DEN)",Nordic Senior Championships,30 MAY 2026,2026,5.0,C,Area Regional Champs,7237523,worldwide
men_HT,Donát VARGA,08 APR 2000,74.69,,HUN,"Elena Venizelou National Stadium, Chania (GRE)",Venizeleia-Chania International Meeting,31 MAY 2026,2026,1.0,C,Continental Tour,7235075,worldwide
men_HT,Georgios PAPANASTASIOU,09 DEC 2005,74.63,,GRE,"Elena Venizelou National Stadium, Chania (GRE)",Venizeleia-Chania International Meeting,31 MAY 2026,2026,2.0,C,Continental Tour,7235075,worldwide
men_HT,Christos FRANTZESKAKIS,26 APR 2000,74.47,,GRE,"Elena Venizelou National Stadium, Chania (GRE)",Venizeleia-Chania International Meeting,31 MAY 2026,2026,3.0,C,Continental Tour,7235075,worldwide
men_HT,Michail ANASTASAKIS,03 DEC 1994,74.46,,GRE,"Elena Venizelou National Stadium, Chania (GRE)",Venizeleia-Chania International Meeting,31 MAY 2026,2026,4.0,C,Continental Tour,7235075,worldwide
men_HT,Markelo MEMA,24 MAY 2001,74.43,,ALB,"Elena Venizelou National Stadium, Chania (GRE)",Venizeleia-Chania International Meeting,31 MAY 2026,2026,5.0,C,Continental Tour,7235075,worldwide
men_HT,Konstantinos ZALTOS,05 FEB 2000,73.71,,GRE,"Elena Venizelou National Stadium, Chania (GRE)",Venizeleia-Chania International Meeting,31 MAY 2026,2026,6.0,C,Continental Tour,7235075,worldwide
men_HT,Ioannis KORAKIDIS,23 JUN 2003,71.89,,GRE,"Elena Venizelou National Stadium, Chania (GRE)",Venizeleia-Chania International Meeting,31 MAY 2026,2026,7.0,C,Continental Tour,7235075,worldwide
men_HT,Orestis NTOUSAKIS,02 MAY 2002,71.79,,GRE,"Elena Venizelou National Stadium, Chania (GRE)",Venizeleia-Chania International Meeting,31 MAY 2026,2026,8.0,C,Continental Tour,7235075,worldwide
men_HT,Valentin ANDREEV,19 JAN 2002,65.82,,BUL,"Elena Venizelou National Stadium, Chania (GRE)",Venizeleia-Chania International Meeting,31 MAY 2026,2026,9.0,C,Continental Tour,7235075,worldwide
men_HT,Alexandros POURSANIDIS,23 JAN 1993,NM,,CYP,"Elena Venizelou National Stadium, Chania (GRE)",Venizeleia-Chania International Meeting,31 MAY 2026,2026,,C,Continental Tour,7235075,worldwide
men_HT,Matija GREGURIĆ,17 SEP 1996,75.67,,CRO,"Mestni stadion, Ptuj (SLO)",Mednarodni Atletski Miting Ptuj in 6. Memorial Roberta Preloga,31 MAY 2026,2026,1.0,D,Continental Tour,7235039,worldwide
men_HT,Marcel LOMNICKÝ,06 JUL 1987,72.33,,SVK,"Mestni stadion, Ptuj (SLO)",Mednarodni Atletski Miting Ptuj in 6. Memorial Roberta Preloga,31 MAY 2026,2026,2.0,D,Continental Tour,7235039,worldwide
men_HT,Yann CHAUSSINAND,11 MAY 1998,79.81,,FRA,"Stade Omnisports Schlossberg, Forbach (FRA)",Meeting International de Forbach,31 MAY 2026,2026,1.0,C,Continental Tour,7234907,worldwide
men_HT,Marcin WROTYŃSKI,11 MAR 1996,74.83,,POL,"Stade Omnisports Schlossberg, Forbach (FRA)",Meeting International de Forbach,31 MAY 2026,2026,2.0,C,Continental Tour,7234907,worldwide
men_HT,Patrik HÁJEK,11 NOV 1998,71.71,,CZE,"Stade Omnisports Schlossberg, Forbach (FRA)",Meeting International de Forbach,31 MAY 2026,2026,3.0,C,Continental Tour,7234907,worldwide
men_HT,Gábor CZELLER,03 JUL 1999,69.49,,HUN,"Stade Omnisports Schlossberg, Forbach (FRA)",Meeting International de Forbach,31 MAY 2026,2026,4.0,C,Continental Tour,7234907,worldwide
men_HT,Paul CREUZEVAULT,17 MAY 1999,67.31,,FRA,"Stade Omnisports Schlossberg, Forbach (FRA)",Meeting International de Forbach,31 MAY 2026,2026,5.0,C,Continental Tour,7234907,worldwide
men_HT,Merlin HUMMEL,04 JAN 2002,76.90,,GER,"Heinz-Steyer-Stadion, Dresden (GER)",Goldenes Oval,31 MAY 2026,2026,1.0,B,Continental Tour,7234130,worldwide
men_HT,Volodymyr MYSLYVČUK,25 APR 1996,75.95,,CZE,"Heinz-Steyer-Stadion, Dresden (GER)",Goldenes Oval,31 MAY 2026,2026,2.0,B,Continental Tour,7234130,worldwide
men_HT,Ármin SZABADOS,11 JAN 2006,75.27,,HUN,"Heinz-Steyer-Stadion, Dresden (GER)",Goldenes Oval,31 MAY 2026,2026,3.0,B,Continental Tour,7234130,worldwide
men_HT,Hilmar Örn JÓNSSON,06 MAY 1996,74.84,,ISL,"Heinz-Steyer-Stadion, Dresden (GER)",Goldenes Oval,31 MAY 2026,2026,4.0,B,Continental Tour,7234130,worldwide
men_HT,Wojciech NOWICKI,22 FEB 1989,74.52,,POL,"Heinz-Steyer-Stadion, Dresden (GER)",Goldenes Oval,31 MAY 2026,2026,5.0,B,Continental Tour,7234130,worldwide
men_HT,Jake NORRIS,30 JUN 1999,73.02,,GBR,"Heinz-Steyer-Stadion, Dresden (GER)",Goldenes Oval,31 MAY 2026,2026,6.0,B,Continental Tour,7234130,worldwide
men_HT,Dániel RÁBA,24 APR 1998,72.63,,HUN,"Heinz-Steyer-Stadion, Dresden (GER)",Goldenes Oval,31 MAY 2026,2026,7.0,B,Continental Tour,7234130,worldwide
men_HT,Sören KLOSE,14 JUN 2002,71.82,,GER,"Heinz-Steyer-Stadion, Dresden (GER)",Goldenes Oval,31 MAY 2026,2026,8.0,B,Continental Tour,7234130,worldwide
men_HT,Miguel Ángel ZAMORA,25 JAN 1999,69.90,,CUB,"Estadio Panamericano, La Habana (CUB)",Memorial José Barrientos,05 JUN 2026,2026,1.0,D,Continental Tour,7241786,worldwide
men_HT,Diego DEL REAL,06 MAR 1994,71.29,,MEX,"Estadio Marte R. Gómez, Ciudad Victoria Tamaulipas (MEX)",Mexican Championships,06 JUN 2026,2026,1.0,B,National Championships,7239046,worldwide
men_HT,Michail ANASTASAKIS,03 DEC 1994,74.90,,GRE,"Atatürk Stadyumu, Izmir (TUR)",Izmir Cup,06 JUN 2026,2026,1.,D,Continental Tour,7236738,worldwide
men_HT,Patrik HÁJEK,11 NOV 1998,74.88,,CZE,"Atatürk Stadyumu, Izmir (TUR)",Izmir Cup,06 JUN 2026,2026,2.,D,Continental Tour,7236738,worldwide
men_HT,Halil YILMAZER,24 AUG 2001,74.41,,TUR,"Atatürk Stadyumu, Izmir (TUR)",Izmir Cup,06 JUN 2026,2026,3.,D,Continental Tour,7236738,worldwide
men_HT,Özkan BALTACI,13 FEB 1994,72.07,,TUR,"Atatürk Stadyumu, Izmir (TUR)",Izmir Cup,06 JUN 2026,2026,4.,D,Continental Tour,7236738,worldwide
men_HT,Emre ÇIFTÇI,30 JUL 2004,70.20,,TUR,"Atatürk Stadyumu, Izmir (TUR)",Izmir Cup,06 JUN 2026,2026,5.,D,Continental Tour,7236738,worldwide
men_HT,Markelo MEMA,24 MAY 2001,74.37,,ALB,"Stadion Topolica, Bar (MNE)",Montenegro Championships,07 JUN 2026,2026,OC,B,National Championships,7242425,worldwide
men_HT,Davide COSTA,15 SEP 2002,71.27,,ITA,"Campo Scuola Moreno Martini, Lucca (ITA)",5th Lucca International Meeting,07 JUN 2026,2026,2.,D,Continental Tour,7234846,worldwide
men_HT,Volodymyr MYSLYVČUK,25 APR 1996,78.93,,CZE,"Mestský Stadion Sletište, Kladno (CZE)",Kladno hází a Kladenské Memoriály,09 JUN 2026,2026,1.,C,Continental Tour,7234808,worldwide
men_HT,Christos FRANTZESKAKIS,26 APR 2000,76.09,,GRE,"Mestský Stadion Sletište, Kladno (CZE)",Kladno hází a Kladenské Memoriály,09 JUN 2026,2026,2.,C,Continental Tour,7234808,worldwide
men_HT,Matija GREGURIĆ,17 SEP 1996,75.92,,CRO,"Mestský Stadion Sletište, Kladno (CZE)",Kladno hází a Kladenské Memoriály,09 JUN 2026,2026,3.,C,Continental Tour,7234808,worldwide
men_HT,Jake NORRIS,30 JUN 1999,75.22,,GBR,"Mestský Stadion Sletište, Kladno (CZE)",Kladno hází a Kladenské Memoriály,09 JUN 2026,2026,4.,C,Continental Tour,7234808,worldwide
men_HT,Yasmani FERNÁNDEZ,07 MAR 1995,74.72,,CUB,"Mestský Stadion Sletište, Kladno (CZE)",Kladno hází a Kladenské Memoriály,09 JUN 2026,2026,5.,C,Continental Tour,7234808,worldwide
men_HT,Jerome VEGA,07 JUL 1995,76.17,,PUR,"Estadio Jose A. Figueroa Freyre, Mayagüez (PUR)",Puerto Rican Championships,12 JUN 2026,2026,1.,B,National Championships,7239426,worldwide
men_HT,Tatsuto NAKAGAWA,17 OCT 1998,73.93,,JPN,"Municipal Mizuho Stadium, Nagoya (JPN)",Japanese Championships,13 JUN 2026,2026,1.,B,National Championships,7237909,worldwide
men_HT,Shota FUKUDA,28 NOV 2000,72.77,,JPN,"Municipal Mizuho Stadium, Nagoya (JPN)",Japanese Championships,13 JUN 2026,2026,2.,B,National Championships,7237909,worldwide
men_HT,Ryota KASHIMURA,13 AUG 1991,70.26,,JPN,"Municipal Mizuho Stadium, Nagoya (JPN)",Japanese Championships,13 JUN 2026,2026,3.,B,National Championships,7237909,worldwide
men_HT,Takahiro KOBATA,09 MAR 1997,69.65,,JPN,"Municipal Mizuho Stadium, Nagoya (JPN)",Japanese Championships,13 JUN 2026,2026,4.,B,National Championships,7237909,worldwide
men_HT,Kunihiro SUMI,27 FEB 1994,63.15,,JPN,"Municipal Mizuho Stadium, Nagoya (JPN)",Japanese Championships,13 JUN 2026,2026,13.,B,National Championships,7237909,worldwide
men_HT,Yann CHAUSSINAND,11 MAY 1998,82.44,,FRA,"USC Allyson Felix at Loker Track Stadium, Los Angeles, CA (USA)",USATF LA Grand Prix,13 JUN 2026,2026,1.,A,Continental Tour,7233063,worldwide
men_HT,Mykhaylo KOKHAN,22 JAN 2001,82.38,,UKR,"USC Allyson Felix at Loker Track Stadium, Los Angeles, CA (USA)",USATF LA Grand Prix,13 JUN 2026,2026,2.,A,Continental Tour,7233063,worldwide
men_HT,Rudy WINKLER,06 DEC 1994,80.43,,USA,"USC Allyson Felix at Loker Track Stadium, Los Angeles, CA (USA)",USATF LA Grand Prix,13 JUN 2026,2026,3.,A,Continental Tour,7233063,worldwide
men_HT,Rowan HAMILTON,29 JAN 2000,78.67,,CAN,"USC Allyson Felix at Loker Track Stadium, Los Angeles, CA (USA)",USATF LA Grand Prix,13 JUN 2026,2026,4.,A,Continental Tour,7233063,worldwide
men_HT,Trey KNIGHT,24 MAY 2002,78.54,,USA,"USC Allyson Felix at Loker Track Stadium, Los Angeles, CA (USA)",USATF LA Grand Prix,13 JUN 2026,2026,5.,A,Continental Tour,7233063,worldwide
men_HT,Alex YOUNG,01 SEP 1994,75.87,,USA,"USC Allyson Felix at Loker Track Stadium, Los Angeles, CA (USA)",USATF LA Grand Prix,13 JUN 2026,2026,6.,A,Continental Tour,7233063,worldwide
men_HT,Denzel COMENENTIA,25 NOV 1995,75.87,,NED,"USC Allyson Felix at Loker Track Stadium, Los Angeles, CA (USA)",USATF LA Grand Prix,13 JUN 2026,2026,7.,A,Continental Tour,7233063,worldwide
men_HT,Daniel HAUGH,03 MAY 1995,73.92,,USA,"USC Allyson Felix at Loker Track Stadium, Los Angeles, CA (USA)",USATF LA Grand Prix,13 JUN 2026,2026,8.,A,Continental Tour,7233063,worldwide
men_HT,Mykhaylo KOKHAN,22 JAN 2001,79.22,,UKR,"Heino Lipp Stadium, Jöhvi (EST)",JÕHVI 2026 Heino Lipp memorial,16 JUN 2026,2026,1.,C,Continental Tour,7235049,worldwide
men_HT,Ármin SZABADOS,11 JAN 2006,79.10,,HUN,"Heino Lipp Stadium, Jöhvi (EST)",JÕHVI 2026 Heino Lipp memorial,16 JUN 2026,2026,2.,C,Continental Tour,7235049,worldwide
men_HT,Adam KELLY,06 JUL 1997,74.85,,EST,"Heino Lipp Stadium, Jöhvi (EST)",JÕHVI 2026 Heino Lipp memorial,16 JUN 2026,2026,3.,C,Continental Tour,7235049,worldwide
men_HT,Henri LIIPOLA,24 APR 1994,73.12,,FIN,"Heino Lipp Stadium, Jöhvi (EST)",JÕHVI 2026 Heino Lipp memorial,16 JUN 2026,2026,4.,C,Continental Tour,7235049,worldwide
men_HT,Marco KAMMER,26 FEB 1998,71.25,,FIN,"Heino Lipp Stadium, Jöhvi (EST)",JÕHVI 2026 Heino Lipp memorial,16 JUN 2026,2026,5.,C,Continental Tour,7235049,worldwide
men_HT,Tuomas SEPPÄNEN,16 MAY 1986,71.14,,FIN,"Heino Lipp Stadium, Jöhvi (EST)",JÕHVI 2026 Heino Lipp memorial,16 JUN 2026,2026,6.,C,Continental Tour,7235049,worldwide
men_HT,Roope AUVINEN,17 FEB 1998,69.51,,FIN,"Heino Lipp Stadium, Jöhvi (EST)",JÕHVI 2026 Heino Lipp memorial,16 JUN 2026,2026,7.,C,Continental Tour,7235049,worldwide
men_HT,Ethan KATZBERG,05 APR 2002,81.13,,CAN,"Terry Fox AF, Ottawa (CAN)",Canadian Championships,20 JUN 2026,2026,1.,B,National Championships,7237652,worldwide
men_HT,Rowan HAMILTON,29 JAN 2000,75.45,,CAN,"Terry Fox AF, Ottawa (CAN)",Canadian Championships,20 JUN 2026,2026,2.,B,National Championships,7237652,worldwide
men_HT,Kade MCCALL,13 MAR 2002,69.63,,USA,"Iron Wood Throwers Center, Rathdrum, ID (USA)",Iron Wood Classic,18 JUN 2026,2026,2.,C,Continental Tour,7236530,worldwide
men_HT,Brock EAGER,26 MAY 1996,65.66,,USA,"Iron Wood Throwers Center, Rathdrum, ID (USA)",Iron Wood Classic,18 JUN 2026,2026,4.,C,Continental Tour,7236530,worldwide
men_HT,Humberto MANSILLA,22 MAY 1996,73.93,,CHI,"Estadio Ciudad de Málaga, Málaga (ESP)",Meeting Internacional Ciudad de Málaga,18 JUN 2026,2026,1.,D,Continental Tour,7234117,worldwide
men_HT,Gabriel KEHR,03 SEP 1996,72.73,,CHI,"Estadio Ciudad de Málaga, Málaga (ESP)",Meeting Internacional Ciudad de Málaga,18 JUN 2026,2026,2.,D,Continental Tour,7234117,worldwide
men_HT,Kevin ARREAGA,23 OCT 1995,70.68,,ESP,"Estadio Ciudad de Málaga, Málaga (ESP)",Meeting Internacional Ciudad de Málaga,18 JUN 2026,2026,3.,D,Continental Tour,7234117,worldwide
men_HT,Paul CREUZEVAULT,17 MAY 1999,68.94,,FRA,"Estadio Ciudad de Málaga, Málaga (ESP)",Meeting Internacional Ciudad de Málaga,18 JUN 2026,2026,4.,D,Continental Tour,7234117,worldwide
men_HT,Alberto GONZÁLEZ,01 JUN 1998,66.62,,ESP,"Estadio Ciudad de Málaga, Málaga (ESP)",Meeting Internacional Ciudad de Málaga,18 JUN 2026,2026,5.,D,Continental Tour,7234117,worldwide
men_HT,Pedro José MARTÍN,12 AUG 1992,59.74,,ESP,"Estadio Ciudad de Málaga, Málaga (ESP)",Meeting Internacional Ciudad de Málaga,18 JUN 2026,2026,7.,D,Continental Tour,7234117,worldwide
men_HT,Yann CHAUSSINAND,11 MAY 1998,79.29,,FRA,"Stade d'Honneur Marcel Roustan, Salon-de-Provence (FRA)",Festival Lancers,20 JUN 2026,2026,1.,D,Continental Tour,7234245,worldwide
men_HT,Volodymyr MYSLYVČUK,25 APR 1996,77.16,,CZE,"Stade d'Honneur Marcel Roustan, Salon-de-Provence (FRA)",Festival Lancers,20 JUN 2026,2026,2.,D,Continental Tour,7234245,worldwide
men_HT,Ioannis KORAKIDIS,23 JUN 2003,72.84,,GRE,"Stade d'Honneur Marcel Roustan, Salon-de-Provence (FRA)",Festival Lancers,20 JUN 2026,2026,3.,D,Continental Tour,7234245,worldwide
men_HT,Jean Baptiste BRUXELLE,09 JUL 2002,68.04,,FRA,"Stade d'Honneur Marcel Roustan, Salon-de-Provence (FRA)",Festival Lancers,20 JUN 2026,2026,4.,D,Continental Tour,7234245,worldwide
men_HT,Paul CREUZEVAULT,17 MAY 1999,67.56,,FRA,"Stade d'Honneur Marcel Roustan, Salon-de-Provence (FRA)",Festival Lancers,20 JUN 2026,2026,5.,D,Continental Tour,7234245,worldwide
men_HT,Merlin HUMMEL,04 JAN 2002,78.26,,GER,"UNION-Stadion, Schönebeck (GER)",20. Schönebecker SoleCup,20 JUN 2026,2026,1.,C,Continental Tour,7235086,worldwide
men_HT,Sören KLOSE,14 JUN 2002,76.07,,GER,"UNION-Stadion, Schönebeck (GER)",20. Schönebecker SoleCup,20 JUN 2026,2026,2.,C,Continental Tour,7235086,worldwide
men_HT,Patrik HÁJEK,11 NOV 1998,74.62,,CZE,"UNION-Stadion, Schönebeck (GER)",20. Schönebecker SoleCup,20 JUN 2026,2026,3.,C,Continental Tour,7235086,worldwide
men_HT,Michail ANASTASAKIS,03 DEC 1994,74.13,,GRE,"UNION-Stadion, Schönebeck (GER)",20. Schönebecker SoleCup,20 JUN 2026,2026,4.,C,Continental Tour,7235086,worldwide
men_HT,Torben SCHAPER,03 MAY 2002,64.64,,GER,"UNION-Stadion, Schönebeck (GER)",20. Schönebecker SoleCup,20 JUN 2026,2026,7.,C,Continental Tour,7235086,worldwide
men_HT,Jake NORRIS,30 JUN 1999,76.30,,GBR,"Alexander Stadium, Birmingham (GBR)",Novuna UK Athletics Championships,21 JUN 2026,2026,1.,B,National Championships,7243090,worldwide
men_HT,Craig MURCH,27 JUN 1993,71.73,,GBR,"Alexander Stadium, Birmingham (GBR)",Novuna UK Athletics Championships,21 JUN 2026,2026,2.,B,National Championships,7243090,worldwide
men_HT,Chris BENNETT,17 DEC 1989,70.12,,GBR,"Alexander Stadium, Birmingham (GBR)",Novuna UK Athletics Championships,21 JUN 2026,2026,3.,B,National Championships,7243090,worldwide
men_HT,Christos FRANTZESKAKIS,26 APR 2000,77.22,,GRE,"Panthessaliko Stadium, Volos (GRE)",Balkan Championships,20 JUN 2026,2026,1.,B,Area Regional Champs,7240556,worldwide
men_HT,Markelo MEMA,24 MAY 2001,76.57,,ALB,"Panthessaliko Stadium, Volos (GRE)",Balkan Championships,20 JUN 2026,2026,2.,B,Area Regional Champs,7240556,worldwide
men_HT,Iosif KESIDIS,19 AUG 2005,76.56,,CYP,"Panthessaliko Stadium, Volos (GRE)",Balkan Championships,20 JUN 2026,2026,3.,B,Area Regional Champs,7240556,worldwide
men_HT,Georgios PAPANASTASIOU,09 DEC 2005,76.23,,GRE,"Panthessaliko Stadium, Volos (GRE)",Balkan Championships,20 JUN 2026,2026,4.,B,Area Regional Champs,7240556,worldwide
men_HT,Matija GREGURIĆ,17 SEP 1996,75.06,,CRO,"Panthessaliko Stadium, Volos (GRE)",Balkan Championships,20 JUN 2026,2026,5.,B,Area Regional Champs,7240556,worldwide
men_HT,Halil YILMAZER,24 AUG 2001,73.70,,TUR,"Panthessaliko Stadium, Volos (GRE)",Balkan Championships,20 JUN 2026,2026,6.,B,Area Regional Champs,7240556,worldwide
men_HT,Özkan BALTACI,13 FEB 1994,71.34,,TUR,"Panthessaliko Stadium, Volos (GRE)",Balkan Championships,20 JUN 2026,2026,7.,B,Area Regional Champs,7240556,worldwide
men_HT,Valentin ANDREEV,19 JAN 2002,69.63,,BUL,"Panthessaliko Stadium, Volos (GRE)",Balkan Championships,20 JUN 2026,2026,8.,B,Area Regional Champs,7240556,worldwide
men_HT,Paweł FAJDEK,04 JUN 1989,81.89,,POL,"Sports Park Mladost, Zagreb (CRO)",76. Boris Hanžeković Memorial,26 JUN 2026,2026,1.,A,Continental Tour,7230747,worldwide
men_HT,Mykhaylo KOKHAN,22 JAN 2001,81.42,,UKR,"Sports Park Mladost, Zagreb (CRO)",76. Boris Hanžeković Memorial,26 JUN 2026,2026,2.,A,Continental Tour,7230747,worldwide
men_HT,Yann CHAUSSINAND,11 MAY 1998,80.92,,FRA,"Sports Park Mladost, Zagreb (CRO)",76. Boris Hanžeković Memorial,26 JUN 2026,2026,3.,A,Continental Tour,7230747,worldwide
men_HT,Bence HALÁSZ,04 AUG 1997,80.71,,HUN,"Sports Park Mladost, Zagreb (CRO)",76. Boris Hanžeković Memorial,26 JUN 2026,2026,4.,A,Continental Tour,7230747,worldwide
men_HT,Iosif KESIDIS,19 AUG 2005,78.61,,CYP,"Sports Park Mladost, Zagreb (CRO)",76. Boris Hanžeković Memorial,26 JUN 2026,2026,5.,A,Continental Tour,7230747,worldwide
men_HT,Ármin SZABADOS,11 JAN 2006,78.04,,HUN,"Sports Park Mladost, Zagreb (CRO)",76. Boris Hanžeković Memorial,26 JUN 2026,2026,6.,A,Continental Tour,7230747,worldwide
men_HT,Volodymyr MYSLYVČUK,25 APR 1996,77.95,,CZE,"Sports Park Mladost, Zagreb (CRO)",76. Boris Hanžeković Memorial,26 JUN 2026,2026,7.,A,Continental Tour,7230747,worldwide
men_HT,Matija GREGURIĆ,17 SEP 1996,75.63,,CRO,"Sports Park Mladost, Zagreb (CRO)",76. Boris Hanžeković Memorial,26 JUN 2026,2026,8.,A,Continental Tour,7230747,worldwide
men_HT,Christos FRANTZESKAKIS,26 APR 2000,73.83,,GRE,"Sports Park Mladost, Zagreb (CRO)",76. Boris Hanžeković Memorial,26 JUN 2026,2026,9.,A,Continental Tour,7230747,worldwide
men_HT,Wojciech NOWICKI,22 FEB 1989,72.79,,POL,"Sports Park Mladost, Zagreb (CRO)",76. Boris Hanžeković Memorial,26 JUN 2026,2026,10.,A,Continental Tour,7230747,worldwide
men_HT,Thomas MARDAL,16 APR 1997,77.90,,NOR,"Bislett Stadion, Oslo (NOR)",Boysen Memorial,24 JUN 2026,2026,1.,C,Continental Tour,7233946,worldwide
men_HT,Markelo MEMA,24 MAY 2001,74.99,,ALB,"Bislett Stadion, Oslo (NOR)",Boysen Memorial,24 JUN 2026,2026,2.,C,Continental Tour,7233946,worldwide
men_HT,Adam KELLY,06 JUL 1997,74.26,,EST,"Bislett Stadion, Oslo (NOR)",Boysen Memorial,24 JUN 2026,2026,3.,C,Continental Tour,7233946,worldwide
men_HT,Henri LIIPOLA,24 APR 1994,74.21,,FIN,"Bislett Stadion, Oslo (NOR)",Boysen Memorial,24 JUN 2026,2026,4.,C,Continental Tour,7233946,worldwide
men_HT,Michail ANASTASAKIS,03 DEC 1994,73.33,,GRE,"Bislett Stadion, Oslo (NOR)",Boysen Memorial,24 JUN 2026,2026,5.,C,Continental Tour,7233946,worldwide
men_HT,Eivind HENRIKSEN,14 SEP 1990,71.94,,NOR,"Bislett Stadion, Oslo (NOR)",Boysen Memorial,24 JUN 2026,2026,6.,C,Continental Tour,7233946,worldwide
men_HT,Donát VARGA,08 APR 2000,73.37,,HUN,"Štadión SNP, Banská Bystrica (SVK)",TIPOS Atletické Kritérium SNP,24 JUN 2026,2026,1.,C,Continental Tour,7234813,worldwide
men_HT,Dawid PIŁAT,06 FEB 2002,70.59,,POL,"Štadión SNP, Banská Bystrica (SVK)",TIPOS Atletické Kritérium SNP,24 JUN 2026,2026,2.,C,Continental Tour,7234813,worldwide
men_HT,Marcel LOMNICKÝ,06 JUL 1987,70.48,,SVK,"Štadión SNP, Banská Bystrica (SVK)",TIPOS Atletické Kritérium SNP,24 JUN 2026,2026,3.,C,Continental Tour,7234813,worldwide
men_HT,Rudy WINKLER,06 DEC 1994,79.39,,USA,"Colich Throws Center, Wilmington, CA (USA)",LA Throws Cup,27 JUN 2026,2026,1.,C,Continental Tour,7236688,worldwide
men_HT,Alex YOUNG,01 SEP 1994,75.22,,USA,"Colich Throws Center, Wilmington, CA (USA)",LA Throws Cup,27 JUN 2026,2026,2.,C,Continental Tour,7236688,worldwide
men_HT,Denzel COMENENTIA,25 NOV 1995,74.97,,NED,"Colich Throws Center, Wilmington, CA (USA)",LA Throws Cup,27 JUN 2026,2026,3.,C,Continental Tour,7236688,worldwide
men_HT,Trey KNIGHT,24 MAY 2002,74.93,,USA,"Colich Throws Center, Wilmington, CA (USA)",LA Throws Cup,27 JUN 2026,2026,4.,C,Continental Tour,7236688,worldwide
men_HT,Tyler WILLIAMS,05 APR 1993,74.50,,USA,"Colich Throws Center, Wilmington, CA (USA)",LA Throws Cup,27 JUN 2026,2026,5.,C,Continental Tour,7236688,worldwide
men_HT,Rory DEVANEY,15 JUL 2004,73.12,,IRL,"Colich Throws Center, Wilmington, CA (USA)",LA Throws Cup,27 JUN 2026,2026,6.,C,Continental Tour,7236688,worldwide
men_HT,Iosif KESIDIS,19 AUG 2005,76.50,,CYP,"GPS Stadium, Nicosia (CYP)",Cyprus Championships,27 JUN 2026,2026,1.,B,National Championships,7234456,worldwide
men_HT,Alexandros POURSANIDIS,23 JAN 1993,68.77,,CYP,"GPS Stadium, Nicosia (CYP)",Cyprus Championships,27 JUN 2026,2026,2.,B,National Championships,7234456,worldwide
men_HT,Mykhaylo KOKHAN,22 JAN 2001,77.99,,UKR,"Golęcin Stadion, Poznan (POL)",Czesław Cybulski Memorial,28 JUN 2026,2026,1.,B,Continental Tour,7235341,worldwide
men_HT,Paweł FAJDEK,04 JUN 1989,77.47,,POL,"Golęcin Stadion, Poznan (POL)",Czesław Cybulski Memorial,28 JUN 2026,2026,2.,B,Continental Tour,7235341,worldwide
men_HT,Thomas MARDAL,16 APR 1997,76.95,,NOR,"Golęcin Stadion, Poznan (POL)",Czesław Cybulski Memorial,28 JUN 2026,2026,3.,B,Continental Tour,7235341,worldwide
men_HT,Marcin WROTYŃSKI,11 MAR 1996,75.52,,POL,"Golęcin Stadion, Poznan (POL)",Czesław Cybulski Memorial,28 JUN 2026,2026,4.,B,Continental Tour,7235341,worldwide
men_HT,Wojciech NOWICKI,22 FEB 1989,75.27,,POL,"Golęcin Stadion, Poznan (POL)",Czesław Cybulski Memorial,28 JUN 2026,2026,5.,B,Continental Tour,7235341,worldwide
men_HT,Christos FRANTZESKAKIS,26 APR 2000,74.91,,GRE,"Golęcin Stadion, Poznan (POL)",Czesław Cybulski Memorial,28 JUN 2026,2026,6.,B,Continental Tour,7235341,worldwide
men_HT,Henri LIIPOLA,24 APR 1994,73.56,,FIN,"Raatin Stadion, Oulu (FIN)",Challenger Game Oulu,01 JUL 2026,2026,1.,D,Continental Tour,7235088,worldwide
men_HT,Aaron KANGAS,03 JUL 1997,69.90,,FIN,"Raatin Stadion, Oulu (FIN)",Challenger Game Oulu,01 JUL 2026,2026,3.,D,Continental Tour,7235088,worldwide
men_HT,Roope AUVINEN,17 FEB 1998,69.17,,FIN,"Raatin Stadion, Oulu (FIN)",Challenger Game Oulu,01 JUL 2026,2026,4.,D,Continental Tour,7235088,worldwide
men_HT,Marco KAMMER,26 FEB 1998,68.81,,FIN,"Raatin Stadion, Oulu (FIN)",Challenger Game Oulu,01 JUL 2026,2026,5.,D,Continental Tour,7235088,worldwide
men_HT,Tuomas SEPPÄNEN,16 MAY 1986,68.57,,FIN,"Raatin Stadion, Oulu (FIN)",Challenger Game Oulu,01 JUL 2026,2026,6.,D,Continental Tour,7235088,worldwide
men_HT,Max LAMPINEN,11 OCT 2004,67.76,,FIN,"Raatin Stadion, Oulu (FIN)",Challenger Game Oulu,01 JUL 2026,2026,7.,D,Continental Tour,7235088,worldwide
men_HT,Paweł FAJDEK,04 JUN 1989,82.09,,POL,"Stade Raymond Petit, Tomblaine (FRA)",Meeting Stanislas Nancy,03 JUL 2026,2026,1.,B,Continental Tour,7235104,worldwide
men_HT,Yann CHAUSSINAND,11 MAY 1998,81.23,,FRA,"Stade Raymond Petit, Tomblaine (FRA)",Meeting Stanislas Nancy,03 JUL 2026,2026,2.,B,Continental Tour,7235104,worldwide
men_HT,Bence HALÁSZ,04 AUG 1997,81.22,,HUN,"Stade Raymond Petit, Tomblaine (FRA)",Meeting Stanislas Nancy,03 JUL 2026,2026,3.,B,Continental Tour,7235104,worldwide
men_HT,Ármin SZABADOS,11 JAN 2006,78.05,,HUN,"Stade Raymond Petit, Tomblaine (FRA)",Meeting Stanislas Nancy,03 JUL 2026,2026,4.,B,Continental Tour,7235104,worldwide
men_HT,Volodymyr MYSLYVČUK,25 APR 1996,77.50,,CZE,"Stade Raymond Petit, Tomblaine (FRA)",Meeting Stanislas Nancy,03 JUL 2026,2026,5.,B,Continental Tour,7235104,worldwide
men_HT,Donát VARGA,08 APR 2000,73.98,,HUN,"Stade Raymond Petit, Tomblaine (FRA)",Meeting Stanislas Nancy,03 JUL 2026,2026,6.,B,Continental Tour,7235104,worldwide
men_HT,Konstantinos ZALTOS,05 FEB 2000,71.59,,GRE,"Stade Raymond Petit, Tomblaine (FRA)",Meeting Stanislas Nancy,03 JUL 2026,2026,7.,B,Continental Tour,7235104,worldwide
men_HT,Paul CREUZEVAULT,17 MAY 1999,68.38,,FRA,"Stade Raymond Petit, Tomblaine (FRA)",Meeting Stanislas Nancy,03 JUL 2026,2026,8.,B,Continental Tour,7235104,worldwide
men_HT,Özkan BALTACI,13 FEB 1994,73.40,,TUR,"Atatürk Stadyumu, Izmir (TUR)",Turkish Championships,05 JUL 2026,2026,1.,B,National Championships,7231686,worldwide
men_HT,Halil YILMAZER,24 AUG 2001,72.84,,TUR,"Atatürk Stadyumu, Izmir (TUR)",Turkish Championships,05 JUL 2026,2026,2.,B,National Championships,7231686,worldwide
men_HT,Emre ÇIFTÇI,30 JUL 2004,69.15,,TUR,"Atatürk Stadyumu, Izmir (TUR)",Turkish Championships,05 JUL 2026,2026,3.,B,National Championships,7231686,worldwide
men_HT,Hlib PISKUNOV,25 NOV 1998,62.70,,UKR,"Stadion SKIF, Lviv (UKR)",Ukrainian Championships,10 JUL 2026,2026,2.,B,National Championships,7241472,worldwide
men_HT,Max LAMPINEN,11 OCT 2004,68.74,,FIN,"Kalevi Keskstaadion, Tallinn (EST)",Aleksander Lohu Memorial,11 JUL 2026,2026,1.,D,Continental Tour,7235052,worldwide
men_HT,Volodymyr MYSLYVČUK,25 APR 1996,77.69,,CZE,"General Klapálek ́s stadium, Nové Město nad Metují (CZE)",48th Grand Prix Nove Mesto nad Metuji,11 JUL 2026,2026,1.,C,Continental Tour,7234815,worldwide
men_HT,Patrik HÁJEK,11 NOV 1998,73.96,,CZE,"General Klapálek ́s stadium, Nové Město nad Metují (CZE)",48th Grand Prix Nove Mesto nad Metuji,11 JUL 2026,2026,2.,C,Continental Tour,7234815,worldwide
men_HT,Kristofer EMIG,31 OCT 2001,70.73,,HUN,"General Klapálek ́s stadium, Nové Město nad Metují (CZE)",48th Grand Prix Nove Mesto nad Metuji,11 JUL 2026,2026,3.,C,Continental Tour,7234815,worldwide
men_HT,Marcel LOMNICKÝ,06 JUL 1987,68.21,,SVK,"General Klapálek ́s stadium, Nové Město nad Metují (CZE)",48th Grand Prix Nove Mesto nad Metuji,11 JUL 2026,2026,4.,C,Continental Tour,7234815,worldwide
men_HT,Orestis NTOUSAKIS,02 MAY 2002,67.94,,GRE,"General Klapálek ́s stadium, Nové Město nad Metují (CZE)",48th Grand Prix Nove Mesto nad Metuji,11 JUL 2026,2026,5.,C,Continental Tour,7234815,worldwide
men_HT,Matija GREGURIĆ,17 SEP 1996,76.50,,CRO,"Ratinan Stadion, Tampere (FIN)",Tampere Meeting,12 JUL 2026,2026,1.,C,Continental Tour,7235087,worldwide
men_HT,Henri LIIPOLA,24 APR 1994,74.13,,FIN,"Ratinan Stadion, Tampere (FIN)",Tampere Meeting,12 JUL 2026,2026,2.,C,Continental Tour,7235087,worldwide
men_HT,Michail ANASTASAKIS,03 DEC 1994,72.58,,GRE,"Ratinan Stadion, Tampere (FIN)",Tampere Meeting,12 JUL 2026,2026,3.,C,Continental Tour,7235087,worldwide
men_HT,Marcin WROTYŃSKI,11 MAR 1996,72.24,,POL,"Ratinan Stadion, Tampere (FIN)",Tampere Meeting,12 JUL 2026,2026,4.,C,Continental Tour,7235087,worldwide
men_HT,Tuomas SEPPÄNEN,16 MAY 1986,70.74,,FIN,"Ratinan Stadion, Tampere (FIN)",Tampere Meeting,12 JUL 2026,2026,5.,C,Continental Tour,7235087,worldwide
men_HT,Aaron KANGAS,03 JUL 1997,70.18,,FIN,"Ratinan Stadion, Tampere (FIN)",Tampere Meeting,12 JUL 2026,2026,6.,C,Continental Tour,7235087,worldwide
men_HT,Roope AUVINEN,17 FEB 1998,69.03,,FIN,"Ratinan Stadion, Tampere (FIN)",Tampere Meeting,12 JUL 2026,2026,7.,C,Continental Tour,7235087,worldwide
men_HT,Max LAMPINEN,11 OCT 2004,66.90,,FIN,"Ratinan Stadion, Tampere (FIN)",Tampere Meeting,12 JUL 2026,2026,8.,C,Continental Tour,7235087,worldwide
men_HT,Alex YOUNG,01 SEP 1994,77.86,,USA,"Foote Field, Edmonton (CAN)",Edmonton Athletics Invitational,12 JUL 2026,2026,1.,B,Continental Tour,7236639,worldwide
men_HT,Tyler WILLIAMS,05 APR 1993,74.63,,USA,"Foote Field, Edmonton (CAN)",Edmonton Athletics Invitational,12 JUL 2026,2026,2.,B,Continental Tour,7236639,worldwide
men_HT,Rowan HAMILTON,29 JAN 2000,74.25,,CAN,"Foote Field, Edmonton (CAN)",Edmonton Athletics Invitational,12 JUL 2026,2026,3.,B,Continental Tour,7236639,worldwide
men_HT,Ethan KATZBERG,05 APR 2002,83.64,,CAN,"Nemzeti Atlétikai Központ, Budapest (HUN)",Gyulai István Memorial - Hungarian Athletics Grand Prix,14 JUL 2026,2026,1.,A,Continental Tour,7214030,worldwide
men_HT,Merlin HUMMEL,04 JAN 2002,81.74,,GER,"Nemzeti Atlétikai Központ, Budapest (HUN)",Gyulai István Memorial - Hungarian Athletics Grand Prix,14 JUL 2026,2026,2.,A,Continental Tour,7214030,worldwide
men_HT,Bence HALÁSZ,04 AUG 1997,81.65,,HUN,"Nemzeti Atlétikai Központ, Budapest (HUN)",Gyulai István Memorial - Hungarian Athletics Grand Prix,14 JUL 2026,2026,3.,A,Continental Tour,7214030,worldwide
men_HT,Mykhaylo KOKHAN,22 JAN 2001,81.48,,UKR,"Nemzeti Atlétikai Központ, Budapest (HUN)",Gyulai István Memorial - Hungarian Athletics Grand Prix,14 JUL 2026,2026,4.,A,Continental Tour,7214030,worldwide
men_HT,Yann CHAUSSINAND,11 MAY 1998,80.13,,FRA,"Nemzeti Atlétikai Központ, Budapest (HUN)",Gyulai István Memorial - Hungarian Athletics Grand Prix,14 JUL 2026,2026,5.,A,Continental Tour,7214030,worldwide
men_HT,Ármin SZABADOS,11 JAN 2006,78.93,,HUN,"Nemzeti Atlétikai Központ, Budapest (HUN)",Gyulai István Memorial - Hungarian Athletics Grand Prix,14 JUL 2026,2026,6.,A,Continental Tour,7214030,worldwide
men_HT,Gábor CZELLER,03 JUL 1999,73.05,,HUN,"Nemzeti Atlétikai Központ, Budapest (HUN)",Gyulai István Memorial - Hungarian Athletics Grand Prix,14 JUL 2026,2026,7.,A,Continental Tour,7214030,worldwide
men_HT,Dániel RÁBA,24 APR 1998,72.47,,HUN,"Nemzeti Atlétikai Központ, Budapest (HUN)",Gyulai István Memorial - Hungarian Athletics Grand Prix,14 JUL 2026,2026,8.,A,Continental Tour,7214030,worldwide
men_HT,Donát VARGA,08 APR 2000,68.26,,HUN,"Nemzeti Atlétikai Központ, Budapest (HUN)",Gyulai István Memorial - Hungarian Athletics Grand Prix,14 JUL 2026,2026,9.,A,Continental Tour,7214030,worldwide
men_HT,Paweł FAJDEK,04 JUN 1989,NM,,POL,"Nemzeti Atlétikai Központ, Budapest (HUN)",Gyulai István Memorial - Hungarian Athletics Grand Prix,14 JUL 2026,2026,,A,Continental Tour,7214030,worldwide
men_HT,Rowan HAMILTON,29 JAN 2000,73.87,,CAN,"Swangard Stadium, Burnaby (CAN)",The Jerome Classic,14 JUL 2026,2026,1.,C,Continental Tour,7229527,worldwide
men_HT,Iosif KESIDIS,19 AUG 2005,76.58,,CYP,"Kaftanzoglio Stadium, Thessaloniki (GRE)","Athletics Meeting ""Kostas Spanidis""",15 JUL 2026,2026,1.,D,Continental Tour,7238587,worldwide
men_HT,Angelos MANTZOURANIS,01 MAY 2004,75.06,,GRE,"Kaftanzoglio Stadium, Thessaloniki (GRE)","Athletics Meeting ""Kostas Spanidis""",15 JUL 2026,2026,2.,D,Continental Tour,7238587,worldwide
men_HT,Markelo MEMA,24 MAY 2001,74.96,,ALB,"Kaftanzoglio Stadium, Thessaloniki (GRE)","Athletics Meeting ""Kostas Spanidis""",15 JUL 2026,2026,3.,D,Continental Tour,7238587,worldwide
men_HT,Georgios PAPANASTASIOU,09 DEC 2005,74.71,,GRE,"Kaftanzoglio Stadium, Thessaloniki (GRE)","Athletics Meeting ""Kostas Spanidis""",15 JUL 2026,2026,4.,D,Continental Tour,7238587,worldwide
men_HT,Ioannis KORAKIDIS,23 JUN 2003,73.67,,GRE,"Kaftanzoglio Stadium, Thessaloniki (GRE)","Athletics Meeting ""Kostas Spanidis""",15 JUL 2026,2026,5.,D,Continental Tour,7238587,worldwide
men_HT,Michail ANASTASAKIS,03 DEC 1994,73.24,,GRE,"Kaftanzoglio Stadium, Thessaloniki (GRE)","Athletics Meeting ""Kostas Spanidis""",15 JUL 2026,2026,6.,D,Continental Tour,7238587,worldwide
men_HT,Orestis NTOUSAKIS,02 MAY 2002,71.59,,GRE,"Kaftanzoglio Stadium, Thessaloniki (GRE)","Athletics Meeting ""Kostas Spanidis""",15 JUL 2026,2026,7.,D,Continental Tour,7238587,worldwide
men_HT,Henri LIIPOLA,24 APR 1994,71.32,,FIN,"Kimpisen yleisurheilukenttä, Lappeenranta (FIN)",Lappeenranta Games,18 JUL 2026,2026,1.,D,Continental Tour,7235372,worldwide
men_HT,Rory DEVANEY,15 JUL 2004,70.69,,IRL,"Kimpisen yleisurheilukenttä, Lappeenranta (FIN)",Lappeenranta Games,18 JUL 2026,2026,2.,D,Continental Tour,7235372,worldwide
men_HT,Marco KAMMER,26 FEB 1998,69.96,,FIN,"Kimpisen yleisurheilukenttä, Lappeenranta (FIN)",Lappeenranta Games,18 JUL 2026,2026,3.,D,Continental Tour,7235372,worldwide
men_HT,Roope AUVINEN,17 FEB 1998,67.38,,FIN,"Kimpisen yleisurheilukenttä, Lappeenranta (FIN)",Lappeenranta Games,18 JUL 2026,2026,5.,D,Continental Tour,7235372,worldwide
men_HT,Max LAMPINEN,11 OCT 2004,67.28,,FIN,"Kimpisen yleisurheilukenttä, Lappeenranta (FIN)",Lappeenranta Games,18 JUL 2026,2026,6.,D,Continental Tour,7235372,worldwide
men_HT,Bence HALÁSZ,04 AUG 1997,76.61,,HUN,"Štadión SNP, Banská Bystrica (SVK)",TIPOS P-T-S Meeting,21 JUL 2026,2026,1.,B,Continental Tour,7235101,worldwide
men_HT,Paweł FAJDEK,04 JUN 1989,74.06,,POL,"Štadión SNP, Banská Bystrica (SVK)",TIPOS P-T-S Meeting,21 JUL 2026,2026,2.,B,Continental Tour,7235101,worldwide
men_HT,Kristofer EMIG,31 OCT 2001,69.04,,HUN,"Štadión SNP, Banská Bystrica (SVK)",TIPOS P-T-S Meeting,21 JUL 2026,2026,4.,B,Continental Tour,7235101,worldwide
men_HT,Marcel LOMNICKÝ,06 JUL 1987,67.73,,SVK,"Štadión SNP, Banská Bystrica (SVK)",TIPOS P-T-S Meeting,21 JUL 2026,2026,5.,B,Continental Tour,7235101,worldwide
men_HT,Aliaksandr SHYMANOVICH,09 FEB 1998,75.05,,BLR,"Dinamo National Olympic Stadium, Minsk (BLR)",Belarus Championships,22 JUL 2026,2026,1.,B,National Championships,7244584,worldwide
men_HT,Yury VASILCHANKA,01 APR 1994,72.10,,BLR,"Dinamo National Olympic Stadium, Minsk (BLR)",Belarus Championships,22 JUL 2026,2026,2.,B,National Championships,7244584,worldwide
men_HT,Siarhei KALAMOYETS,11 AUG 1989,71.86,,BLR,"Dinamo National Olympic Stadium, Minsk (BLR)",Belarus Championships,22 JUL 2026,2026,3.,B,National Championships,7244584,worldwide
men_HT,Valeriy PRONKIN,15 JUN 1994,77.40,,RUS,"Kalininets Stadium, Yekaterinburg (RUS)",Russian Championships,26 JUL 2026,2026,1.,B,National Championships,7243535,worldwide
men_HT,Andrey ROMANOV,19 SEP 1994,73.36,,RUS,"Kalininets Stadium, Yekaterinburg (RUS)",Russian Championships,26 JUL 2026,2026,2.,B,National Championships,7243535,worldwide
men_HT,Yevgeniy KOROTOVSKIY,01 JUN 1992,72.41,,RUS,"Kalininets Stadium, Yekaterinburg (RUS)",Russian Championships,26 JUL 2026,2026,3.,B,National Championships,7243535,worldwide
men_HT,Andrey OVSYANNIKOV,30 OCT 2003,72.14,,RUS,"Kalininets Stadium, Yekaterinburg (RUS)",Russian Championships,26 JUL 2026,2026,4.,B,National Championships,7243535,worldwide
men_HT,Alencar CHAGAS PEREIRA,18 FEB 1999,72.64,,BRA,"Estádio Olímpico do Ibirapuera - Ícaro de Castro Melo, São Paulo (BRA)",Brazilian Championships - XLV Troféu Brasil Interclubes Loterias Caixa de Atletismo,24 JUL 2026,2026,1.,B,National Championships,7237636,worldwide
men_HT,Allan WOLSKI,18 JAN 1990,69.86,,BRA,"Estádio Olímpico do Ibirapuera - Ícaro de Castro Melo, São Paulo (BRA)",Brazilian Championships - XLV Troféu Brasil Interclubes Loterias Caixa de Atletismo,24 JUL 2026,2026,2.,B,National Championships,7237636,worldwide
men_HT,Thomas MARDAL,16 APR 1997,77.78,,NOR,"Trondheim Stadion, Trondheim (NOR)",Norwegian Championships,24 JUL 2026,2026,1.,B,National Championships,7233455,worldwide
men_HT,Eivind HENRIKSEN,14 SEP 1990,75.37,,NOR,"Trondheim Stadion, Trondheim (NOR)",Norwegian Championships,24 JUL 2026,2026,2.,B,National Championships,7233455,worldwide
men_HT,Rudy WINKLER,06 DEC 1994,77.05,,USA,"Icahn Stadium, New York, NY (USA)",USA Championships,23 JUL 2026,2026,1.,B,National Championships,7243123,worldwide
men_HT,Alex YOUNG,01 SEP 1994,74.93,,USA,"Icahn Stadium, New York, NY (USA)",USA Championships,23 JUL 2026,2026,2.,B,National Championships,7243123,worldwide
men_HT,Trey KNIGHT,24 MAY 2002,73.70,,USA,"Icahn Stadium, New York, NY (USA)",USA Championships,23 JUL 2026,2026,3.,B,National Championships,7243123,worldwide
men_HT,Ryan JOHNSON,26 JAN 2005,73.68,,USA,"Icahn Stadium, New York, NY (USA)",USA Championships,23 JUL 2026,2026,4.,B,National Championships,7243123,worldwide
men_HT,Tyler WILLIAMS,05 APR 1993,73.06,,USA,"Icahn Stadium, New York, NY (USA)",USA Championships,23 JUL 2026,2026,5.,B,National Championships,7243123,worldwide
men_HT,Texas TANNER,01 OCT 2004,71.64,,USA,"Icahn Stadium, New York, NY (USA)",USA Championships,23 JUL 2026,2026,6.,B,National Championships,7243123,worldwide
men_HT,Daniel HAUGH,03 MAY 1995,71.26,,USA,"Icahn Stadium, New York, NY (USA)",USA Championships,23 JUL 2026,2026,7.,B,National Championships,7243123,worldwide
men_HT,Daniel REYNOLDS,,68.41,,USA,"Icahn Stadium, New York, NY (USA)",USA Championships,23 JUL 2026,2026,9.,B,National Championships,7243123,worldwide
men_HT,Kade MCCALL,13 MAR 2002,67.21,,USA,"Icahn Stadium, New York, NY (USA)",USA Championships,23 JUL 2026,2026,10.,B,National Championships,7243123,worldwide
men_HT,Isaiah ROGERS,28 APR 1998,NM,,USA,"Icahn Stadium, New York, NY (USA)",USA Championships,23 JUL 2026,2026,,B,National Championships,7243123,worldwide
men_HT,António VITAL E SILVA,23 JAN 1988,60.65,,POR,"Estadio Universitario, Lisboa (POR)",Portuguese Championships,26 JUL 2026,2026,2.,B,National Championships,7232876,worldwide
men_HT,João FERREIRA,1994,58.27,,POR,"Estadio Universitario, Lisboa (POR)",Portuguese Championships,26 JUL 2026,2026,3.,B,National Championships,7232876,worldwide
men_HT,Paweł FAJDEK,04 JUN 1989,79.03,,POL,"Stadion BOSiR, Białystok (POL)",Polish Championships,26 JUL 2026,2026,1.,B,National Championships,7231706,worldwide
men_HT,Marcin WROTYŃSKI,11 MAR 1996,76.22,,POL,"Stadion BOSiR, Białystok (POL)",Polish Championships,26 JUL 2026,2026,2.,B,National Championships,7231706,worldwide
men_HT,Wojciech NOWICKI,22 FEB 1989,75.20,,POL,"Stadion BOSiR, Białystok (POL)",Polish Championships,26 JUL 2026,2026,3.,B,National Championships,7231706,worldwide
men_HT,Dawid PIŁAT,06 FEB 2002,72.39,,POL,"Stadion BOSiR, Białystok (POL)",Polish Championships,26 JUL 2026,2026,4.,B,National Championships,7231706,worldwide
men_HT,Kevin ARREAGA,23 OCT 1995,71.05,,ESP,"Estadio Ciudad de Málaga, Málaga (ESP)",Spanish Championships,25 JUL 2026,2026,1.,B,National Championships,7239429,worldwide
men_HT,Alberto GONZÁLEZ,01 JUN 1998,68.45,,ESP,"Estadio Ciudad de Málaga, Málaga (ESP)",Spanish Championships,25 JUL 2026,2026,2.,B,National Championships,7239429,worldwide
men_HT,Pedro José MARTÍN,12 AUG 1992,66.02,,ESP,"Estadio Ciudad de Málaga, Málaga (ESP)",Spanish Championships,25 JUL 2026,2026,3.,B,National Championships,7239429,worldwide
men_HT,Yasmani FERNÁNDEZ,07 MAR 1995,71.25,,CUB,"Estadio Ciudad de Málaga, Málaga (ESP)",Spanish Championships,25 JUL 2026,2026,OC,B,National Championships,7239429,worldwide
men_HT,Henri LIIPOLA,24 APR 1994,72.44,,FIN,"Harjun stadion, Jyväskylä (FIN)",Finnish Championships,25 JUL 2026,2026,1.,B,National Championships,7237667,worldwide
men_HT,Tuomas SEPPÄNEN,16 MAY 1986,69.75,,FIN,"Harjun stadion, Jyväskylä (FIN)",Finnish Championships,25 JUL 2026,2026,2.,B,National Championships,7237667,worldwide
men_HT,Roope AUVINEN,17 FEB 1998,69.33,,FIN,"Harjun stadion, Jyväskylä (FIN)",Finnish Championships,25 JUL 2026,2026,3.,B,National Championships,7237667,worldwide
men_HT,Max LAMPINEN,11 OCT 2004,68.71,,FIN,"Harjun stadion, Jyväskylä (FIN)",Finnish Championships,25 JUL 2026,2026,5.,B,National Championships,7237667,worldwide
men_HT,Marco KAMMER,26 FEB 1998,68.31,,FIN,"Harjun stadion, Jyväskylä (FIN)",Finnish Championships,25 JUL 2026,2026,6.,B,National Championships,7237667,worldwide
men_HT,Aaron KANGAS,03 JUL 1997,67.84,,FIN,"Harjun stadion, Jyväskylä (FIN)",Finnish Championships,25 JUL 2026,2026,7.,B,National Championships,7237667,worldwide
men_HT,Marcel LOMNICKÝ,06 JUL 1987,69.66,,SVK,"Štadión SNP, Banská Bystrica (SVK)",Slovak Championships,25 JUL 2026,2026,1.,B,National Championships,7244435,worldwide
men_HT,Yann CHAUSSINAND,11 MAY 1998,79.60,,FRA,"Stadium Municipal, Albi (FRA)",French Championships,25 JUL 2026,2026,1.,B,National Championships,7236362,worldwide
men_HT,Jean Baptiste BRUXELLE,09 JUL 2002,71.75,,FRA,"Stadium Municipal, Albi (FRA)",French Championships,25 JUL 2026,2026,2.,B,National Championships,7236362,worldwide
men_HT,Paul CREUZEVAULT,17 MAY 1999,67.24,,FRA,"Stadium Municipal, Albi (FRA)",French Championships,25 JUL 2026,2026,3.,B,National Championships,7236362,worldwide
men_HT,Hilmar Örn JÓNSSON,06 MAY 1996,77.82,,ISL,"Frjálsíþróttavöllur ÍR, Reykjavík (ISL)",Islandic Championships,25 JUL 2026,2026,1.,B,National Championships,7243192,worldwide
men_HT,Ragnar CARLSSON,16 NOV 2000,71.13,,SWE,"Uppsala Friidrottsarena, Uppsala (SWE)",Swedish Championships,26 JUL 2026,2026,1.,B,National Championships,7237432,worldwide
men_HT,Igors SOKOLOVS,17 AUG 1974,50.92,,LAT,"Jāņa Daliņa Stadium, Valmiera (LAT)",Latvian Championships,25 JUL 2026,2026,2.,B,National Championships,7243981,worldwide
men_HT,Bence HALÁSZ,04 AUG 1997,81.87,,HUN,"Nemzeti Atlétikai Központ, Budapest (HUN)",Hungarian Championships,26 JUL 2026,2026,1.,B,National Championships,7243637,worldwide
men_HT,Ármin SZABADOS,11 JAN 2006,78.56,,HUN,"Nemzeti Atlétikai Központ, Budapest (HUN)",Hungarian Championships,26 JUL 2026,2026,2.,B,National Championships,7243637,worldwide
men_HT,Gábor CZELLER,03 JUL 1999,73.04,,HUN,"Nemzeti Atlétikai Központ, Budapest (HUN)",Hungarian Championships,26 JUL 2026,2026,3.,B,National Championships,7243637,worldwide
men_HT,Dániel RÁBA,24 APR 1998,72.61,,HUN,"Nemzeti Atlétikai Központ, Budapest (HUN)",Hungarian Championships,26 JUL 2026,2026,4.,B,National Championships,7243637,worldwide
men_HT,Kristofer EMIG,31 OCT 2001,70.04,,HUN,"Nemzeti Atlétikai Központ, Budapest (HUN)",Hungarian Championships,26 JUL 2026,2026,6.,B,National Championships,7243637,worldwide
men_HT,Rory DEVANEY,15 JUL 2004,71.86,,IRL,"Morton Stadium, Santry, Dublin (IRL)",Irish Championships,26 JUL 2026,2026,1.,B,National Championships,7242784,worldwide
men_HT,Merlin HUMMEL,04 JAN 2002,79.18,,GER,"Lohrheidestadion, Wattenscheid, Bochum (GER)",German Championships,26 JUL 2026,2026,1.,B,National Championships,7243645,worldwide
men_HT,Sören KLOSE,14 JUN 2002,78.18,,GER,"Lohrheidestadion, Wattenscheid, Bochum (GER)",German Championships,26 JUL 2026,2026,2.,B,National Championships,7243645,worldwide
men_HT,Torben SCHAPER,03 MAY 2002,61.61,,GER,"Lohrheidestadion, Wattenscheid, Bochum (GER)",German Championships,26 JUL 2026,2026,8.,B,National Championships,7243645,worldwide
men_HT,Andreas SAHNER,27 JAN 1985,NM,,GER,"Lohrheidestadion, Wattenscheid, Bochum (GER)",German Championships,26 JUL 2026,2026,,B,National Championships,7243645,worldwide
men_HT,Matija GREGURIĆ,17 SEP 1996,74.02,,CRO,"Sports Park Mladost, Zagreb (CRO)",Croatian Championships,26 JUL 2026,2026,1.,B,National Championships,7241977,worldwide
men_HT,Adam KELLY,06 JUL 1997,72.71,,EST,"Rannastaadion, Pärnu (EST)",Estonian Championships,25 JUL 2026,2026,1.,B,National Championships,7234516,worldwide
men_HT,Volodymyr MYSLYVČUK,25 APR 1996,79.30,,CZE,"Atletický stadion města Plzně, Plzeň (CZE)",Czech Championships,25 JUL 2026,2026,1.,B,National Championships,7239384,worldwide
men_HT,Patrik HÁJEK,11 NOV 1998,73.40,,CZE,"Atletický stadion města Plzně, Plzeň (CZE)",Czech Championships,25 JUL 2026,2026,2.,B,National Championships,7239384,worldwide
men_HT,Valentin ANDREEV,19 JAN 2002,69.94,,BUL,"Vasil Levski National Stadium, Sofia (BUL)",Bulgarian Championships,25 JUL 2026,2026,1.,B,National Championships,7237024,worldwide
men_HT,Denzel COMENENTIA,25 NOV 1995,67.15,,NED,"FBK Stadium, Hengelo (NED)",Dutch Championships,26 JUL 2026,2026,2.,B,National Championships,7244700,worldwide
men_HT,Giorgio OLIVIERI,05 NOV 2000,74.27,,ITA,"Stadio Luigi Ridolfi, Firenze (ITA)",Italian Championships,25 JUL 2026,2026,1.,B,National Championships,7239956,worldwide
men_HT,Davide COSTA,15 SEP 2002,74.17,,ITA,"Stadio Luigi Ridolfi, Firenze (ITA)",Italian Championships,25 JUL 2026,2026,2.,B,National Championships,7239956,worldwide
men_HT,Simone FALLONI,26 JUL 1991,69.40,,ITA,"Stadio Luigi Ridolfi, Firenze (ITA)",Italian Championships,25 JUL 2026,2026,4.,B,National Championships,7239956,worldwide
men_HT,Marco LINGUA,04 JUN 1978,68.02,,ITA,"Stadio Luigi Ridolfi, Firenze (ITA)",Italian Championships,25 JUL 2026,2026,5.,B,National Championships,7239956,worldwide
men_HT,Ioannis KORAKIDIS,23 JUN 2003,75.57,,GRE,"Panthessaliko Stadium, Volos (GRE)",Greek Championships,25 JUL 2026,2026,1.,B,National Championships,7238663,worldwide
men_HT,Georgios PAPANASTASIOU,09 DEC 2005,74.75,,GRE,"Panthessaliko Stadium, Volos (GRE)",Greek Championships,25 JUL 2026,2026,2.,B,National Championships,7238663,worldwide
men_HT,Michail ANASTASAKIS,03 DEC 1994,74.61,,GRE,"Panthessaliko Stadium, Volos (GRE)",Greek Championships,25 JUL 2026,2026,3.,B,National Championships,7238663,worldwide
men_HT,Christos FRANTZESKAKIS,26 APR 2000,74.15,,GRE,"Panthessaliko Stadium, Volos (GRE)",Greek Championships,25 JUL 2026,2026,4.,B,National Championships,7238663,worldwide
men_HT,Angelos MANTZOURANIS,01 MAY 2004,73.99,,GRE,"Panthessaliko Stadium, Volos (GRE)",Greek Championships,25 JUL 2026,2026,5.,B,National Championships,7238663,worldwide
men_HT,Orestis NTOUSAKIS,02 MAY 2002,73.32,,GRE,"Panthessaliko Stadium, Volos (GRE)",Greek Championships,25 JUL 2026,2026,6.,B,National Championships,7238663,worldwide
men_HT,Konstantinos ZALTOS,05 FEB 2000,65.41,,GRE,"Panthessaliko Stadium, Volos (GRE)",Greek Championships,25 JUL 2026,2026,7.,B,National Championships,7238663,worldwide
men_HT,Ivan MENGLEMPEI,25 JAN 1995,63.92,,GRE,"Panthessaliko Stadium, Volos (GRE)",Greek Championships,25 JUL 2026,2026,8.,B,National Championships,7238663,worldwide
men_HT,Ronald MENCIA ZAYAS,26 AUG 2002,74.55,,CUB,"Estadio Olimpico Juan Pablo Duarte, Santo Domingo (DOM)",CAC Games,05 AUG 2026,2026,1.,B,Area Regional Champs,7233796,worldwide
men_HT,Jerome VEGA,07 JUL 1995,73.88,,PUR,"Estadio Olimpico Juan Pablo Duarte, Santo Domingo (DOM)",CAC Games,05 AUG 2026,2026,2.,B,Area Regional Champs,7233796,worldwide
men_HT,Diego DEL REAL,06 MAR 1994,73.00,,MEX,"Estadio Olimpico Juan Pablo Duarte, Santo Domingo (DOM)",CAC Games,05 AUG 2026,2026,3.,B,Area Regional Champs,7233796,worldwide
men_HT,Miguel Ángel ZAMORA,25 JAN 1999,68.79,,CUB,"Estadio Olimpico Juan Pablo Duarte, Santo Domingo (DOM)",CAC Games,05 AUG 2026,2026,4.,B,Area Regional Champs,7233796,worldwide
men_HT,Joaquin GOMEZ,14 OCT 1996,74.53,,ARG,"Estadio Municipal Jorge Newbery, Rosario (ARG)",Argentinian Championships,09 AUG 2026,2026,1.,B,National Championships,7244895,worldwide
men_HT,Bence HALÁSZ,04 AUG 1997,84.25,,HUN,"Alexander Stadium, Birmingham (GBR)",European Athletics Championships,11 AUG 2026,2026,1.,GL,Area Champs,7192415,worldwide
men_HT,Merlin HUMMEL,04 JAN 2002,81.30,,GER,"Alexander Stadium, Birmingham (GBR)",European Athletics Championships,11 AUG 2026,2026,2.,GL,Area Champs,7192415,worldwide
men_HT,Mykhaylo KOKHAN,22 JAN 2001,79.49,,UKR,"Alexander Stadium, Birmingham (GBR)",European Athletics Championships,11 AUG 2026,2026,3.,GL,Area Champs,7192415,worldwide
men_HT,Volodymyr MYSLYVČUK,25 APR 1996,79.42,,CZE,"Alexander Stadium, Birmingham (GBR)",European Athletics Championships,11 AUG 2026,2026,4.,GL,Area Champs,7192415,worldwide
men_HT,Paweł FAJDEK,04 JUN 1989,79.13,,POL,"Alexander Stadium, Birmingham (GBR)",European Athletics Championships,11 AUG 2026,2026,5.,GL,Area Champs,7192415,worldwide
men_HT,Sören KLOSE,14 JUN 2002,78.13,,GER,"Alexander Stadium, Birmingham (GBR)",European Athletics Championships,11 AUG 2026,2026,6.,GL,Area Champs,7192415,worldwide
men_HT,Hilmar Örn JÓNSSON,06 MAY 1996,77.26,,ISL,"Alexander Stadium, Birmingham (GBR)",European Athletics Championships,11 AUG 2026,2026,7.,GL,Area Champs,7192415,worldwide
men_HT,Ármin SZABADOS,11 JAN 2006,76.91,,HUN,"Alexander Stadium, Birmingham (GBR)",European Athletics Championships,11 AUG 2026,2026,8.,GL,Area Champs,7192415,worldwide
men_HT,Yann CHAUSSINAND,11 MAY 1998,76.19,,FRA,"Alexander Stadium, Birmingham (GBR)",European Athletics Championships,11 AUG 2026,2026,9.,GL,Area Champs,7192415,worldwide
men_HT,Christos FRANTZESKAKIS,26 APR 2000,75.72,,GRE,"Alexander Stadium, Birmingham (GBR)",European Athletics Championships,11 AUG 2026,2026,10.,GL,Area Champs,7192415,worldwide
men_HT,Jake NORRIS,30 JUN 1999,74.61,,GBR,"Alexander Stadium, Birmingham (GBR)",European Athletics Championships,11 AUG 2026,2026,11.,GL,Area Champs,7192415,worldwide
men_HT,Iosif KESIDIS,19 AUG 2005,72.27,,CYP,"Alexander Stadium, Birmingham (GBR)",European Athletics Championships,11 AUG 2026,2026,12.,GL,Area Champs,7192415,worldwide
men_HT,Qi WANG,10 FEB 2001,73.93,,CHN,"Sports Center, Quzhou (CHN)",Chinese Championships,15 AUG 2026,2026,1.,B,National Championships,7243221,worldwide
men_HT,Mergen MAMMEDOV,24 DEC 1990,70.90,,TKM,"AFU Athletics Stadium, Tashkent (UZB)",Central Asian Open Championships,23 AUG 2026,2026,1.,D,Area Regional Champs,7235652,worldwide
men_HT,Matija GREGURIĆ,17 SEP 1996,74.85,,CRO,"Sugár úti Atlétikai Centrum, Szombathely (HUN)",WACT Silver Hammer Throw Competition,26 AUG 2026,2026,1.,B,Continental Tour,7237248,worldwide
men_HT,Dániel RÁBA,24 APR 1998,74.12,,HUN,"Sugár úti Atlétikai Centrum, Szombathely (HUN)",WACT Silver Hammer Throw Competition,26 AUG 2026,2026,2.,B,Continental Tour,7237248,worldwide
men_HT,Giorgio OLIVIERI,05 NOV 2000,74.05,,ITA,"Sugár úti Atlétikai Centrum, Szombathely (HUN)",WACT Silver Hammer Throw Competition,26 AUG 2026,2026,3.,B,Continental Tour,7237248,worldwide
men_HT,Gábor CZELLER,03 JUL 1999,73.45,,HUN,"Sugár úti Atlétikai Centrum, Szombathely (HUN)",WACT Silver Hammer Throw Competition,26 AUG 2026,2026,4.,B,Continental Tour,7237248,worldwide
men_HT,Kristofer EMIG,31 OCT 2001,70.13,,HUN,"Sugár úti Atlétikai Centrum, Szombathely (HUN)",WACT Silver Hammer Throw Competition,26 AUG 2026,2026,6.,B,Continental Tour,7237248,worldwide
men_HT,Marcel LOMNICKÝ,06 JUL 1987,69.77,,SVK,"Sugár úti Atlétikai Centrum, Szombathely (HUN)",WACT Silver Hammer Throw Competition,26 AUG 2026,2026,7.,B,Continental Tour,7237248,worldwide
men_HT,Henri LIIPOLA,24 APR 1994,74.99,,FIN,"Olympiastadion, Helsinki (FIN)",Finnkampen,30 AUG 2026,2026,1.,D,Traditional International,7237754,worldwide
men_HT,Ragnar CARLSSON,16 NOV 2000,71.92,,SWE,"Olympiastadion, Helsinki (FIN)",Finnkampen,30 AUG 2026,2026,2.,D,Traditional International,7237754,worldwide
men_HT,Aaron KANGAS,03 JUL 1997,71.01,,FIN,"Olympiastadion, Helsinki (FIN)",Finnkampen,30 AUG 2026,2026,3.,D,Traditional International,7237754,worldwide
men_HT,Tuomas SEPPÄNEN,16 MAY 1986,69.94,,FIN,"Olympiastadion, Helsinki (FIN)",Finnkampen,30 AUG 2026,2026,4.,D,Traditional International,7237754,worldwide
men_HT,Bence HALÁSZ,04 AUG 1997,80.67,,HUN,"Centro Gabre Gabric, Brescia (ITA)",Grand Prix Brescia,30 AUG 2026,2026,1.,B,Continental Tour,7234691,worldwide
men_HT,Mykhaylo KOKHAN,22 JAN 2001,78.78,,UKR,"Centro Gabre Gabric, Brescia (ITA)",Grand Prix Brescia,30 AUG 2026,2026,2.,B,Continental Tour,7234691,worldwide
men_HT,Sören KLOSE,14 JUN 2002,76.41,,GER,"Centro Gabre Gabric, Brescia (ITA)",Grand Prix Brescia,30 AUG 2026,2026,3.,B,Continental Tour,7234691,worldwide
men_HT,Ármin SZABADOS,11 JAN 2006,73.67,,HUN,"Centro Gabre Gabric, Brescia (ITA)",Grand Prix Brescia,30 AUG 2026,2026,4.,B,Continental Tour,7234691,worldwide
men_HT,Trey KNIGHT,24 MAY 2002,73.42,,USA,"Centro Gabre Gabric, Brescia (ITA)",Grand Prix Brescia,30 AUG 2026,2026,5.,B,Continental Tour,7234691,worldwide
men_HT,Rowan HAMILTON,29 JAN 2000,59.00,,CAN,"Centro Gabre Gabric, Brescia (ITA)",Grand Prix Brescia,30 AUG 2026,2026,6.,B,Continental Tour,7234691,worldwide
men_HT,Iosif KESIDIS,19 AUG 2005,77.99,,CYP,"Stadio Giuseppe Valente, Taranto (ITA)",XX Mediterranean Games,30 AUG 2026,2026,1.,C,Area Regional Champs,7233421,worldwide
men_HT,Christos FRANTZESKAKIS,26 APR 2000,77.59,,GRE,"Stadio Giuseppe Valente, Taranto (ITA)",XX Mediterranean Games,30 AUG 2026,2026,2.,C,Area Regional Champs,7233421,worldwide
men_HT,Matija GREGURIĆ,17 SEP 1996,76.03,,CRO,"Stadio Giuseppe Valente, Taranto (ITA)",XX Mediterranean Games,30 AUG 2026,2026,3.,C,Area Regional Champs,7233421,worldwide
men_HT,Markelo MEMA,24 MAY 2001,74.59,,ALB,"Stadio Giuseppe Valente, Taranto (ITA)",XX Mediterranean Games,30 AUG 2026,2026,4.,C,Area Regional Champs,7233421,worldwide
men_HT,Georgios PAPANASTASIOU,09 DEC 2005,74.42,,GRE,"Stadio Giuseppe Valente, Taranto (ITA)",XX Mediterranean Games,30 AUG 2026,2026,5.,C,Area Regional Champs,7233421,worldwide
men_HT,Davide COSTA,15 SEP 2002,72.25,,ITA,"Stadio Giuseppe Valente, Taranto (ITA)",XX Mediterranean Games,30 AUG 2026,2026,6.,C,Area Regional Champs,7233421,worldwide
men_HT,Giorgio OLIVIERI,05 NOV 2000,71.48,,ITA,"Stadio Giuseppe Valente, Taranto (ITA)",XX Mediterranean Games,30 AUG 2026,2026,8.,C,Area Regional Champs,7233421,worldwide
men_HT,Özkan BALTACI,13 FEB 1994,71.39,,TUR,"Stadio Giuseppe Valente, Taranto (ITA)",XX Mediterranean Games,30 AUG 2026,2026,9.,C,Area Regional Champs,7233421,worldwide
men_HT,Halil YILMAZER,24 AUG 2001,69.97,,TUR,"Stadio Giuseppe Valente, Taranto (ITA)",XX Mediterranean Games,30 AUG 2026,2026,10.,C,Area Regional Champs,7233421,worldwide
men_HT,Mostafa ELGAMEL,01 OCT 1988,69.03,,EGY,"Stadio Giuseppe Valente, Taranto (ITA)",XX Mediterranean Games,30 AUG 2026,2026,11.,C,Area Regional Champs,7233421,worldwide
men_HT,Mostafa ELGAMEL,01 OCT 1988,73.67,,EGY,"Sultan Qaboos Sports Complex, Muscat (OMA)",Oman Athletics Grand Prix,05 SEP 2026,2026,1.,C,Continental Tour,7234124,worldwide
men_HT,Ashraf ELSEIFY,20 FEB 1995,71.18,,QAT,"Sultan Qaboos Sports Complex, Muscat (OMA)",Oman Athletics Grand Prix,05 SEP 2026,2026,2.,C,Continental Tour,7234124,worldwide
men_HT,Tatsuto NAKAGAWA,17 OCT 1998,70.08,,JPN,"Sultan Qaboos Sports Complex, Muscat (OMA)",Oman Athletics Grand Prix,05 SEP 2026,2026,3.,C,Continental Tour,7234124,worldwide
men_HT,Ahmed Tarek ISMAIL,18 OCT 1997,67.95,,EGY,"Sultan Qaboos Sports Complex, Muscat (OMA)",Oman Athletics Grand Prix,05 SEP 2026,2026,5.,C,Continental Tour,7234124,worldwide
men_HT,Reza MOGHADDAM,17 NOV 1988,66.49,,IRI,"Sultan Qaboos Sports Complex, Muscat (OMA)",Oman Athletics Grand Prix,05 SEP 2026,2026,6.,C,Continental Tour,7234124,worldwide
men_HT,Christos FRANTZESKAKIS,26 APR 2000,74.82,,GRE,"Sports Park Mladost, Zagreb (CRO)",Dinamo Zrinjevac - International Athletics Meeting,08 SEP 2026,2026,1.,D,Continental Tour,7234840,worldwide
men_HT,Gábor CZELLER,03 JUL 1999,73.36,,HUN,"Sports Park Mladost, Zagreb (CRO)",Dinamo Zrinjevac - International Athletics Meeting,08 SEP 2026,2026,2.,D,Continental Tour,7234840,worldwide
men_HT,Kristofer EMIG,31 OCT 2001,71.05,,HUN,"Sports Park Mladost, Zagreb (CRO)",Dinamo Zrinjevac - International Athletics Meeting,08 SEP 2026,2026,3.,D,Continental Tour,7234840,worldwide
men_HT,Matija GREGURIĆ,17 SEP 1996,70.92,,CRO,"Sports Park Mladost, Zagreb (CRO)",Dinamo Zrinjevac - International Athletics Meeting,08 SEP 2026,2026,4.,D,Continental Tour,7234840,worldwide
men_HT,Marcel LOMNICKÝ,06 JUL 1987,70.19,,SVK,"Sports Park Mladost, Zagreb (CRO)",Dinamo Zrinjevac - International Athletics Meeting,08 SEP 2026,2026,5.,D,Continental Tour,7234840,worldwide
men_HT,Paweł FAJDEK,04 JUN 1989,79.04,,POL,"Stadion Śląski, Chorzów (POL)",72. ORLEN Janusz Kusocinski Memorial,18 SEP 2026,2026,1.,B,Continental Tour,7235127,worldwide
men_HT,Mykhaylo KOKHAN,22 JAN 2001,77.16,,UKR,"Stadion Śląski, Chorzów (POL)",72. ORLEN Janusz Kusocinski Memorial,18 SEP 2026,2026,2.,B,Continental Tour,7235127,worldwide
men_HT,Dawid PIŁAT,06 FEB 2002,74.55,,POL,"Stadion Śląski, Chorzów (POL)",72. ORLEN Janusz Kusocinski Memorial,18 SEP 2026,2026,3.,B,Continental Tour,7235127,worldwide
men_HT,Wojciech NOWICKI,22 FEB 1989,72.75,,POL,"Stadion Śląski, Chorzów (POL)",72. ORLEN Janusz Kusocinski Memorial,18 SEP 2026,2026,4.,B,Continental Tour,7235127,worldwide
men_HT,Marcin WROTYŃSKI,11 MAR 1996,70.28,,POL,"Stadion Śląski, Chorzów (POL)",72. ORLEN Janusz Kusocinski Memorial,18 SEP 2026,2026,5.,B,Continental Tour,7235127,worldwide
