discipline,predicted_rank,athlete_name,nationality,season_best,win_probability,injury_watch,profile_url,date,career_best,pb_gap,age,meets_count,days_since_last,dl_qualified
Men's 100m,1.0,Oblique SEVILLE,JAM,9.82,46%,False,https://worldathletics.org/athletes/athlete=14737998,2026-09-08,9.77,0.05,25.5,3,16.0,True
Men's 100m,2.0,Emmanuel ESEME,CMR,9.83,31%,False,https://worldathletics.org/athletes/athlete=14852717,2026-09-08,9.83,0.0,33.1,4,16.0,True
Men's 100m,3.0,Kenneth BEDNAREK,USA,9.87,23%,False,https://worldathletics.org/athletes/athlete=14715244,2026-09-08,9.79,0.08,27.9,3,16.0,True
Men's 100m,4.0,Gift LEOTLELA,RSA,9.91,7%,False,https://worldathletics.org/athletes/athlete=14578589,2026-09-08,9.87,0.04,28.3,4,16.0,True
Men's 100m,5.0,Jordan ANTHONY,USA,9.91,6%,False,https://worldathletics.org/athletes/united-states/jordan-anthony-14961803,2026-09-08,9.91,0.0,22.2,4,52.0,True
Men's 100m,6.0,Trayvon BROMELL,USA,9.91,5%,False,https://worldathletics.org/athletes/athlete=14519911,2026-09-08,9.76,0.15,31.2,3,72.0,True
Men's 100m,7.0,Akani SIMBINE,RSA,9.93,6%,False,https://worldathletics.org/athletes/athlete=14417763,2026-09-08,9.82,0.11,33.0,5,16.0,True
Men's 100m,,Kayinsola AJAYI,NGR,9.84,10%,False,https://worldathletics.org/athletes/athlete=14976296,2026-09-08,9.84,0.0,22.0,2,16.0,False
Men's 100m,,Ronal LONGA,COL,9.85,5%,False,https://worldathletics.org/athletes/athlete=14992007,2026-09-08,9.85,0.0,22.2,1,60.0,False
Men's 100m,,Lachlan KENNEDY,AUS,9.85,8%,False,https://worldathletics.org/athletes/athlete=14970569,2026-09-08,9.85,0.0,22.8,2,108.0,False
Women's 100m,1.0,Melissa JEFFERSON-WOODEN,USA,10.70,54%,False,https://worldathletics.org/athletes/athlete=14756997,2026-09-08,10.61,0.09,25.5,4,12.0,True
Women's 100m,2.0,Julien ALFRED,LCA,10.70,45%,False,https://worldathletics.org/athletes/athlete=14646562,2026-09-08,10.70,0.0,25.2,3,12.0,True
Women's 100m,3.0,Sha'Carri RICHARDSON,USA,10.77,21%,False,https://worldathletics.org/athletes/athlete=14717691,2026-09-08,10.65,0.12,26.5,3,12.0,True
Women's 100m,4.0,Tina CLAYTON,JAM,10.85,14%,False,https://worldathletics.org/athletes/athlete=14776879,2026-09-08,10.76,0.09,22.1,4,12.0,True
Women's 100m,5.0,Jonielle SMITH,JAM,10.89,9%,False,https://worldathletics.org/athletes/athlete=14413641,2026-09-08,10.89,0.0,30.6,3,12.0,True
Women's 100m,6.0,Amy HUNT,GBR,10.97,1%,False,https://worldathletics.org/athletes/athlete=14685108,2026-09-08,10.97,0.0,24.3,3,12.0,True
Women's 100m,7.0,Patrizia VAN DER WEKEN,LUX,11.05,2%,False,https://worldathletics.org/athletes/athlete=14621598,2026-09-08,11.00,0.05,26.8,4,81.0,True
Women's 100m,8.0,Zaynab DOSSO,ITA,11.07,2%,False,https://worldathletics.org/athletes/athlete=14622202,2026-09-08,11.01,0.06,27.0,3,81.0,True
Women's 100m,,Adaejah HODGE,IVB,10.63,25%,False,https://worldathletics.org/athletes/athlete=14845422,2026-09-08,10.63,0.0,20.5,1,66.0,False
Women's 100m,,Shenese WALKER,JAM,10.80,1%,False,https://worldathletics.org/athletes/athlete=14777658,2026-09-08,10.80,0.0,23.6,0,,False
Women's 100m,,Brianna SELBY,USA,10.83,1%,False,https://worldathletics.org/athletes/athlete=14913814,2026-09-08,10.83,0.0,20.7,0,,False
Men's 200m,1.0,Kenneth BEDNAREK,USA,19.62,45%,False,https://worldathletics.org/athletes/athlete=14715244,2026-09-08,19.57,0.05,27.9,3,12.0,True
Men's 200m,2.0,Sinesipho DAMBILE,RSA,19.74,23%,False,https://worldathletics.org/athletes/athlete=14789650,2026-09-08,19.74,0.0,24.5,6,12.0,True
Men's 200m,3.0,José FIGUEROA,PUR,19.76,15%,False,https://worldathletics.org/athletes/athlete=14978866,2026-09-08,19.76,0.0,22.0,3,12.0,True
Men's 200m,4.0,Letsile TEBOGO,BOT,19.84,29%,False,https://worldathletics.org/athletes/athlete=14883897,2026-09-08,19.46,0.38,23.3,4,18.0,True
Men's 200m,5.0,Andre DE GRASSE,CAN,19.84,18%,False,https://worldathletics.org/athletes/athlete=14535607,2026-09-08,19.62,0.22,31.8,2,12.0,True
Men's 200m,6.0,Makanakaishe CHARAMBA,ZIM,19.88,10%,False,https://worldathletics.org/athletes/athlete=14977636,2026-09-08,19.88,0.0,24.7,4,12.0,True
Men's 200m,7.0,Reynier MENA,CUB,20.04,2%,False,https://worldathletics.org/athletes/athlete=14518308,2026-09-08,19.63,0.41,29.8,4,12.0,True
Men's 200m,8.0,Courtney LINDSEY,USA,20.19,1%,False,https://worldathletics.org/athletes/athlete=14845926,2026-09-08,19.71,0.48,27.8,4,18.0,True
Men's 200m,,Jaiden REID,CAY,19.63,10%,False,https://worldathletics.org/athletes/athlete=14893634,2026-09-08,19.63,0.0,21.4,0,,False
Men's 200m,,Gout GOUT,AUS,19.67,4%,False,https://worldathletics.org/athletes/australia/gout-gout-15006779,2026-09-08,19.67,0.0,18.7,1,90.0,False
Men's 200m,,Tate TAYLOR,USA,19.75,2%,False,https://worldathletics.org/athletes/united-states/tate-taylor-15139751,2026-09-08,19.75,0.0,19.0,1,66.0,False
Men's 200m,,Jelani WATKINS,USA,19.87,1%,False,https://worldathletics.org/athletes/united-states/jelani-watkins-14966069,2026-09-08,19.87,0.0,21.8,0,,False
Women's 200m,1.0,Julien ALFRED,LCA,21.51,37%,False,https://worldathletics.org/athletes/athlete=14646562,2026-09-08,21.51,0.0,25.2,3,52.0,True
Women's 200m,2.0,Gabrielle THOMAS,USA,21.70,20%,False,https://worldathletics.org/athletes/athlete=14733520,2026-09-08,21.60,0.1,29.8,2,52.0,True
Women's 200m,3.0,Kayla WHITE,USA,21.92,13%,False,https://worldathletics.org/athletes/athlete=14642681,2026-09-08,21.92,0.0,30.0,3,18.0,True
Women's 200m,4.0,Cambrea STURGIS,USA,21.93,5%,False,https://worldathletics.org/athletes/athlete=14674111,2026-09-08,21.93,0.0,27.5,3,52.0,True
Women's 200m,5.0,Shaunae MILLER-UIBO,BAH,22.04,13%,False,https://worldathletics.org/athletes/athlete=14368116,2026-09-08,21.74,0.3,32.4,4,52.0,True
Women's 200m,6.0,Amy HUNT,GBR,22.19,11%,False,https://worldathletics.org/athletes/athlete=14685108,2026-09-08,22.08,0.11,24.3,5,18.0,True
Women's 200m,7.0,Anavia BATTLE,USA,22.21,10%,False,https://worldathletics.org/athletes/athlete=14715397,2026-09-08,21.95,0.26,27.4,6,18.0,True
Women's 200m,,Adaejah HODGE,IVB,21.68,15%,False,https://worldathletics.org/athletes/athlete=14845422,2026-09-08,21.68,0.0,20.5,1,60.0,False
Women's 200m,,Melissa JEFFERSON-WOODEN,USA,21.69,11%,False,https://worldathletics.org/athletes/athlete=14756997,2026-09-08,21.68,0.01,25.5,1,96.0,False
Women's 200m,,Favour OFILI,NGR,22.03,12%,False,https://worldathletics.org/athletes/athlete=14756075,2026-09-08,21.96,0.07,23.7,1,18.0,False
Women's 200m,,JaMeesia FORD,USA,22.07,1%,False,https://worldathletics.org/athletes/athlete=14761304,2026-09-08,21.98,0.09,21.6,0,,False
Men's 400m,1.0,Busang Collen KEBINATSHIPI,BOT,43.40,53%,False,https://worldathletics.org/athletes/athlete=14935809,2026-09-08,43.40,0.0,22.6,5,16.0,True
Men's 400m,2.0,Jereem RICHARDS,TTO,43.68,42%,False,https://worldathletics.org/athletes/athlete=14434521,2026-09-08,43.68,0.0,32.7,5,16.0,True
Men's 400m,3.0,Jacory PATTERSON,USA,43.78,58%,False,https://worldathletics.org/athletes/athlete=14715097,2026-09-08,43.78,0.0,26.6,6,16.0,True
Men's 400m,4.0,Rai BENJAMIN,USA,43.83,18%,False,https://worldathletics.org/athletes/athlete=14574865,2026-09-08,43.83,0.0,29.1,4,16.0,True
Men's 400m,5.0,Zakithi NENE,RSA,43.89,17%,False,https://worldathletics.org/athletes/athlete=14696997,2026-09-08,43.76,0.13,28.4,6,16.0,True
Men's 400m,6.0,Chris BAILEY,USA,43.97,18%,False,https://worldathletics.org/athletes/athlete=14850487,2026-09-08,43.97,0.0,26.3,4,16.0,True
Men's 400m,7.0,Matthew HUDSON-SMITH,GBR,44.09,24%,False,https://worldathletics.org/athletes/athlete=14407278,2026-09-08,43.44,0.65,31.9,4,52.0,True
Men's 400m,8.0,Khaleb MCRAE,USA,44.40,5%,False,https://worldathletics.org/athletes/athlete=14797010,2026-09-08,43.91,0.49,26.0,4,52.0,True
Men's 400m,,Samuel OGAZI,NGR,43.38,17%,False,https://worldathletics.org/athletes/athlete=14978353,2026-09-08,43.38,0.0,20.3,0,,False
Men's 400m,,Jonathan SIMMS,USA,43.92,1%,False,https://worldathletics.org/athletes/united-states/jonathan-simms-14993480,2026-09-08,43.92,0.0,19.7,0,,False
Men's 400m,,Justin BRAUN,USA,43.99,1%,False,https://worldathletics.org/athletes/athlete=14879104,2026-09-08,43.99,0.0,22.6,0,,False
Men's 400m,,Muzala SAMUKONGA,ZAM,44.02,4%,False,https://worldathletics.org/athletes/athlete=14930603,2026-09-08,43.74,0.28,23.7,3,72.0,False
Women's 400m,1.0,Marileidy PAULINO,DOM,48.48,75%,False,https://worldathletics.org/athletes/athlete=14749613,2026-09-08,47.98,0.5,29.9,5,16.0,True
Women's 400m,2.0,Aaliyah BUTLER,USA,48.84,28%,False,https://worldathletics.org/athletes/athlete=14715880,2026-09-08,48.84,0.0,22.8,4,16.0,True
Women's 400m,3.0,Henriette JÆGER,NOR,49.04,13%,False,https://worldathletics.org/athletes/athlete=14780807,2026-09-08,49.04,0.0,23.2,4,16.0,True
Women's 400m,4.0,Nickisha PRYCE,JAM,49.27,25%,False,https://worldathletics.org/athletes/athlete=14685519,2026-09-08,48.57,0.7,25.5,6,16.0,True
Women's 400m,5.0,Lurdes Gloria MANUEL,CZE,49.37,9%,False,https://worldathletics.org/athletes/athlete=14905336,2026-09-08,49.37,0.0,21.2,4,60.0,True
Women's 400m,6.0,Stacey Ann WILLIAMS,JAM,49.48,18%,False,https://worldathletics.org/athletes/athlete=14630564,2026-09-08,49.48,0.0,27.5,4,16.0,True
Women's 400m,7.0,Natalia BUKOWIECKA,POL,49.57,7%,False,https://worldathletics.org/athletes/athlete=14642563,2026-09-08,49.27,0.3,28.6,5,16.0,True
Women's 400m,8.0,Roxana GÓMEZ,CUB,49.99,8%,False,https://worldathletics.org/athletes/athlete=14637147,2026-09-08,49.48,0.51,27.7,6,16.0,True
Women's 400m,,Dejanea OAKLEY,JAM,48.79,3%,False,https://worldathletics.org/athletes/athlete=14836164,2026-09-08,48.79,0.0,22.2,0,,False
Women's 400m,,Madison WHYTE,USA,48.97,3%,False,https://worldathletics.org/athletes/athlete=14852568,2026-09-08,48.97,0.0,21.9,0,,False
Women's 400m,,Salwa Eid NASER,BRN,49.27,16%,False,https://worldathletics.org/athletes/athlete=14643442,2026-09-08,48.14,1.13,28.3,2,16.0,False
Women's 400m,,Ella ONOJUVWEVWO,NGR,49.47,1%,False,https://worldathletics.org/athletes/athlete=14888449,2026-09-08,49.47,0.0,21.5,0,,False
Men's 110m Hurdles,1.0,Ja'Kobe THARP,USA,12.75,33%,False,https://worldathletics.org/athletes/united-states/jakobe-tharp-15129238,2026-09-08,12.75,0.0,20.9,4,16.0,True
Men's 110m Hurdles,2.0,Jamal BRITT,USA,12.86,42%,False,https://worldathletics.org/athletes/athlete=14769264,2026-09-08,12.86,0.0,27.7,9,16.0,True
Men's 110m Hurdles,3.0,Trey CUNNINGHAM,USA,12.98,29%,False,https://worldathletics.org/athletes/athlete=14675757,2026-09-08,12.98,0.0,28.0,4,16.0,True
Men's 110m Hurdles,4.0,Cordell TINCH,USA,13.00,28%,False,https://worldathletics.org/athletes/athlete=14719972,2026-09-08,12.87,0.13,26.2,6,16.0,True
Men's 110m Hurdles,5.0,Kendry L. MENÉNDEZ,CUB,13.01,18%,False,https://worldathletics.org/athletes/cuba/kendry-l-menendez-15070256,2026-09-08,13.01,0.0,20.5,5,18.0,True
Men's 110m Hurdles,6.0,Rachid MURATAKE,JPN,13.05,10%,False,https://worldathletics.org/athletes/athlete=14854913,2026-09-08,12.92,0.13,24.6,5,16.0,True
Men's 110m Hurdles,7.0,Orlando BENNETT,JAM,13.15,3%,False,https://worldathletics.org/athletes/athlete=14739873,2026-09-08,13.08,0.07,26.9,7,16.0,True
Men's 110m Hurdles,8.0,Enrique LLOPIS,ESP,13.31,2%,False,https://worldathletics.org/athletes/athlete=14711683,2026-09-08,13.09,0.22,25.9,4,81.0,True
Men's 110m Hurdles,,Kendrick SMALLWOOD,USA,12.95,4%,False,https://worldathletics.org/athletes/athlete=14893424,2026-09-08,12.95,0.0,22.4,1,72.0,False
Men's 110m Hurdles,,Bradley FRANKLIN,USA,13.00,2%,False,https://worldathletics.org/athletes/united-states/bradley-franklin-15025463,2026-09-08,13.00,0.0,20.1,0,,False
Men's 110m Hurdles,,Shunsuke IZUMIYA,JPN,13.00,6%,False,https://worldathletics.org/athletes/athlete=14815041,2026-09-08,13.00,0.0,26.6,2,18.0,False
Men's 110m Hurdles,,Demario PRINCE,JAM,13.01,1%,False,https://worldathletics.org/athletes/athlete=14876581,2026-09-08,13.01,0.0,21.9,2,52.0,False
Women's 100m Hurdles,1.0,Masai RUSSELL,USA,12.09,64%,False,https://worldathletics.org/athletes/athlete=14659011,2026-09-08,12.09,0.0,26.2,6,12.0,True
Women's 100m Hurdles,2.0,Tobi AMUSAN,NGR,12.23,45%,False,https://worldathletics.org/athletes/athlete=14579526,2026-09-08,12.06,0.17,29.4,5,12.0,True
Women's 100m Hurdles,3.0,Nadine VISSER,NED,12.34,39%,False,https://worldathletics.org/athletes/athlete=14451249,2026-09-08,12.28,0.06,31.6,5,12.0,True
Women's 100m Hurdles,4.0,Devynne CHARLTON,BAH,12.37,20%,False,https://worldathletics.org/athletes/athlete=14414505,2026-09-08,12.37,0.0,30.8,3,66.0,True
Women's 100m Hurdles,5.0,Alaysha JOHNSON,USA,12.38,13%,False,https://worldathletics.org/athletes/athlete=14486620,2026-09-08,12.30,0.08,30.1,5,18.0,True
Women's 100m Hurdles,6.0,Pia SKRZYSZOWSKA,POL,12.44,6%,False,https://worldathletics.org/athletes/athlete=14736349,2026-09-08,12.37,0.07,25.4,5,12.0,True
Women's 100m Hurdles,7.0,Megan SIMMONDS,JAM,12.47,11%,False,https://worldathletics.org/athletes/athlete=14413569,2026-09-08,12.47,0.0,32.5,4,72.0,True
Women's 100m Hurdles,8.0,Danielle WILLIAMS,JAM,12.51,7%,False,https://worldathletics.org/athletes/athlete=14450995,2026-09-08,12.31,0.2,34.0,5,12.0,True
Women's 100m Hurdles,,Alia ARMSTRONG,USA,12.38,11%,False,https://worldathletics.org/athletes/athlete=14824306,2026-09-08,12.31,0.07,25.7,0,,False
Women's 100m Hurdles,,Grace STARK,USA,12.38,16%,False,https://worldathletics.org/athletes/athlete=14716925,2026-09-08,12.21,0.17,25.3,2,66.0,False
Women's 100m Hurdles,,Demisha ROSWELL,JAM,12.40,6%,False,https://worldathletics.org/athletes/athlete=14631833,2026-09-08,12.40,0.0,28.2,3,18.0,False
Women's 100m Hurdles,,Rayniah JONES,USA,12.43,9%,False,https://worldathletics.org/athletes/athlete=14794344,2026-09-08,12.43,0.0,24.9,3,18.0,False
Men's 400m Hurdles,1.0,Alison DOS SANTOS,BRA,45.80,45%,False,https://worldathletics.org/athletes/athlete=14755064,2026-09-08,45.80,0.0,26.3,4,12.0,True
Men's 400m Hurdles,2.0,Karsten WARHOLM,NOR,46.52,56%,False,https://worldathletics.org/athletes/athlete=14479487,2026-09-08,45.94,0.58,30.5,5,12.0,True
Men's 400m Hurdles,3.0,Matheus LIMA,BRA,47.26,22%,False,https://worldathletics.org/athletes/athlete=14918836,2026-09-08,47.26,0.0,23.3,5,12.0,True
Men's 400m Hurdles,4.0,Trevor BASSITT,USA,47.37,7%,False,https://worldathletics.org/athletes/athlete=14719193,2026-09-08,47.37,0.0,28.5,2,16.0,True
Men's 400m Hurdles,5.0,Ezekiel NATHANIEL,NGR,47.37,15%,False,https://worldathletics.org/athletes/athlete=14960533,2026-09-08,47.11,0.26,23.2,3,12.0,True
Men's 400m Hurdles,6.0,Caleb DEAN,USA,47.42,11%,False,https://worldathletics.org/athletes/athlete=14865900,2026-09-08,47.23,0.19,25.2,4,52.0,True
Men's 400m Hurdles,7.0,Emil AGYEKUM,GER,47.45,4%,False,https://worldathletics.org/athletes/athlete=14679384,2026-09-08,47.45,0.0,27.3,2,52.0,True
Men's 400m Hurdles,8.0,Abderrahman SAMBA,QAT,47.77,13%,False,https://worldathletics.org/athletes/athlete=14752208,2026-09-08,46.98,0.79,31.0,5,12.0,True
Men's 400m Hurdles,,Rai BENJAMIN,USA,46.67,40%,False,https://worldathletics.org/athletes/athlete=14574865,2026-09-08,46.17,0.5,29.1,0,,False
Men's 400m Hurdles,,Bassem HEMEIDA,QAT,47.56,4%,False,https://worldathletics.org/athletes/athlete=14827001,2026-09-08,47.56,0.0,26.4,0,,False
Men's 400m Hurdles,,Chris ROBINSON,USA,47.61,4%,False,https://worldathletics.org/athletes/athlete=14969871,2026-09-08,47.61,0.0,25.5,1,12.0,False
Men's 400m Hurdles,,Yeral NUÑEZ,DOM,47.77,2%,False,https://worldathletics.org/athletes/athlete=14919273,2026-09-08,47.77,0.0,23.7,0,,False
Women's 400m Hurdles,1.0,Anna COCKRELL,USA,52.13,50%,False,https://worldathletics.org/athletes/athlete=14486939,2026-09-08,51.87,0.26,29.0,4,12.0,True
Women's 400m Hurdles,2.0,Emma ZAPLETALOVÁ,SVK,52.30,50%,False,https://worldathletics.org/athletes/athlete=14647721,2026-09-08,52.30,0.0,26.5,6,12.0,True
Women's 400m Hurdles,3.0,Jasmine JONES,USA,52.91,40%,False,https://worldathletics.org/athletes/athlete=14715835,2026-09-08,52.08,0.83,24.8,3,18.0,True
Women's 400m Hurdles,4.0,Rushell CLAYTON,JAM,53.05,41%,False,https://worldathletics.org/athletes/athlete=14425208,2026-09-08,52.51,0.54,33.9,6,12.0,True
Women's 400m Hurdles,5.0,Dalilah MUHAMMAD,USA,53.16,21%,False,https://worldathletics.org/athletes/athlete=14317560,2026-09-08,51.58,1.58,36.6,2,12.0,True
Women's 400m Hurdles,6.0,Fatoumata Binta DIALLO,POR,53.30,19%,False,https://worldathletics.org/athletes/athlete=14708730,2026-09-08,53.30,0.0,26.4,3,12.0,True
Women's 400m Hurdles,7.0,Gianna WOODRUFF,PAN,53.56,17%,False,https://worldathletics.org/athletes/athlete=14423522,2026-09-08,52.66,0.9,32.8,6,12.0,True
Women's 400m Hurdles,8.0,Amalie IUEL,NOR,54.05,2%,False,https://worldathletics.org/athletes/athlete=14481392,2026-09-08,54.05,0.0,32.4,5,12.0,True
Women's 400m Hurdles,,Paulien COUCKUYT,BEL,53.20,10%,False,https://worldathletics.org/athletes/athlete=14508434,2026-09-08,53.20,0.0,29.3,1,18.0,False
Women's 400m Hurdles,,Akala GARRETT,USA,53.32,1%,False,https://worldathletics.org/athletes/athlete=14807195,2026-09-08,53.32,0.0,21.3,0,,False
Women's 400m Hurdles,,Emily NEWNHAM,GBR,53.33,3%,False,https://worldathletics.org/athletes/athlete=14899734,2026-09-08,53.33,0.0,22.3,1,12.0,False
Men's 800m,1.0,Emmanuel WANYONYI,KEN,1:41.76,75%,False,https://worldathletics.org/athletes/athlete=14974928,2026-09-08,1:41.11,0.65,22.1,5,12.0,True
Men's 800m,2.0,Marco AROP,CAN,1:41.84,43%,False,https://worldathletics.org/athletes/athlete=14755875,2026-09-08,1:41.20,0.64,28.0,4,18.0,True
Men's 800m,3.0,Cooper LUTKENHAUS,USA,1:42.08,16%,False,https://worldathletics.org/athletes/united-states/cooper-lutkenhaus-15152457,2026-09-08,1:42.08,0.0,17.7,2,90.0,True
Men's 800m,4.0,Brandon MILLER,USA,1:42.19,15%,False,https://worldathletics.org/athletes/athlete=14939097,2026-09-08,1:42.19,0.0,24.6,3,18.0,True
Men's 800m,5.0,Mark ENGLISH,IRL,1:42.97,14%,False,https://worldathletics.org/athletes/athlete=14377494,2026-09-08,1:42.97,0.0,33.5,4,52.0,True
Men's 800m,6.0,Max BURGIN,GBR,1:42.98,5%,False,https://worldathletics.org/athletes/athlete=14755557,2026-09-08,1:42.29,0.69,24.3,2,52.0,True
Men's 800m,7.0,Ben PATTISON,GBR,1:43.34,7%,False,https://worldathletics.org/athletes/athlete=14706169,2026-09-08,1:42.27,1.07,24.7,4,52.0,True
Men's 800m,8.0,Gabriel TUAL,FRA,1:43.66,2%,False,https://worldathletics.org/athletes/athlete=14646018,2026-09-08,1:41.61,2.05,28.4,6,12.0,True
Men's 800m,,Djamel SEDJATI,ALG,1:41.83,37%,False,https://worldathletics.org/athletes/athlete=14976579,2026-09-08,1:41.46,0.37,27.4,2,12.0,False
Men's 800m,,Josh HOEY,USA,1:42.50,19%,False,https://worldathletics.org/athletes/athlete=14695060,2026-09-08,1:42.01,0.49,26.9,0,,False
Men's 800m,,Yanis MEZIANE,FRA,1:42.87,10%,False,https://worldathletics.org/athletes/athlete=14893694,2026-09-08,1:42.87,0.0,24.6,3,72.0,False
Men's 800m,,Slimane MOULA,ALG,1:43.41,10%,False,https://worldathletics.org/athletes/athlete=14747495,2026-09-08,1:42.77,0.64,27.5,4,12.0,False
Women's 800m,1.0,Audrey WERRO,SUI,1:53.70,58%,False,https://worldathletics.org/athletes/athlete=14856078,2026-09-08,1:53.70,0.0,22.5,5,12.0,True
Women's 800m,2.0,Keely HODGKINSON,GBR,1:54.33,42%,False,https://worldathletics.org/athletes/athlete=14642894,2026-09-08,1:54.33,0.0,24.5,3,52.0,True
Women's 800m,3.0,Femke BROEDERS-BOL,NED,1:54.71,33%,False,https://worldathletics.org/athletes/athlete=14707010,2026-09-08,1:54.71,0.0,26.5,4,12.0,True
Women's 800m,4.0,Anaïs BOURGOIN,FRA,1:55.65,13%,False,https://worldathletics.org/athletes/athlete=14523787,2026-09-08,1:55.65,0.0,29.9,4,66.0,True
Women's 800m,5.0,Lilian ODIRA,KEN,1:56.19,14%,False,https://worldathletics.org/athletes/athlete=14758184,2026-09-08,1:54.62,1.57,27.4,3,18.0,True
Women's 800m,6.0,Prudence SEKGODISO,RSA,1:56.83,4%,False,https://worldathletics.org/athletes/athlete=14745817,2026-09-08,1:56.83,0.0,24.7,6,18.0,True
Women's 800m,7.0,Tsige DUGUMA,ETH,1:56.92,14%,True,https://worldathletics.org/athletes/athlete=14774192,2026-09-08,1:56.64,0.28,25.5,3,52.0,True
Women's 800m,8.0,Addison WILEY,USA,1:57.70,1%,False,https://worldathletics.org/athletes/athlete=14907337,2026-09-08,1:56.83,0.87,22.9,5,18.0,True
Women's 800m,,Georgia HUNTER BELL,GBR,1:55.03,29%,False,https://worldathletics.org/athletes/athlete=14329797,2026-09-08,1:54.90,0.13,32.9,1,12.0,False
Women's 800m,,Daily COOPER GASPAR,CUB,1:56.10,6%,False,https://worldathletics.org/athletes/athlete=14831173,2026-09-08,1:56.10,0.0,24.5,0,,False
Women's 800m,,Sanu JALLOW,GAM,1:56.85,1%,False,https://worldathletics.org/athletes/athlete=14880079,2026-09-08,1:56.85,0.0,23.4,1,66.0,False
Women's 800m,,Saida TSEHAYE,ETH,1:56.92,14%,False,https://worldathletics.org/athletes/ethiopia/saida-tsehaye-15238906,2026-09-08,1:56.92,0.0,18.2,3,12.0,False
Men's 1500m,1.0,Cameron MYERS,AUS,3:28.00,16%,False,https://worldathletics.org/athletes/australia/cameron-myers-14962470,2026-09-08,3:28.00,0.0,20.2,1,93.0,True
Men's 1500m,2.0,Yared NUGUSE,USA,3:29.36,31%,False,https://worldathletics.org/athletes/athlete=14798735,2026-09-08,3:27.80,1.56,27.3,3,12.0,True
Men's 1500m,3.0,Phanuel Kipkosgei KOECH,KEN,3:30.18,9%,False,https://worldathletics.org/athletes/kenya/phanuel-kipkosgei-koech-15090820,2026-09-08,3:27.72,2.46,19.8,2,12.0,True
Men's 1500m,4.0,Ethan STRAND,USA,3:30.50,6%,False,https://worldathletics.org/athletes/united-states/ethan-strand-14969299,2026-09-08,3:30.25,0.25,23.9,2,12.0,True
Men's 1500m,5.0,Jakob INGEBRIGTSEN,NOR,3:30.52,12%,False,https://worldathletics.org/athletes/athlete=14653717,2026-09-08,3:26.73,3.79,26.0,2,12.0,True
Men's 1500m,6.0,Timothy CHERUIYOT,KEN,3:30.67,4%,False,https://worldathletics.org/athletes/athlete=14643526,2026-09-08,3:28.28,2.39,30.8,2,12.0,True
Men's 1500m,7.0,Hobbs KESSLER,USA,3:30.71,4%,False,https://worldathletics.org/athletes/athlete=14970747,2026-09-08,3:29.45,1.26,23.5,3,12.0,True
Men's 1500m,8.0,Cole HOCKER,USA,3:30.80,5%,False,https://worldathletics.org/athletes/athlete=14905834,2026-09-08,3:27.65,3.15,25.3,2,12.0,True
Men's 1500m,9.0,Vincent CIATTEI,USA,3:30.90,1%,False,https://worldathletics.org/athletes/athlete=14531160,2026-09-08,3:30.90,0.0,31.6,4,12.0,True
Men's 1500m,10.0,Jake HEYWARD,GBR,3:31.18,2%,False,https://worldathletics.org/athletes/athlete=14597392,2026-09-08,3:31.08,0.1,27.4,3,12.0,True
Men's 1500m,,Josh KERR,GBR,3:27.62,32%,False,https://worldathletics.org/athletes/athlete=14533464,2026-09-08,3:27.62,0.0,28.9,0,,False
Men's 1500m,,Azeddine HABZ,FRA,3:29.80,29%,False,https://worldathletics.org/athletes/athlete=14640588,2026-09-08,3:27.49,2.31,33.1,3,12.0,False
Men's 1500m,,Jake WIGHTMAN,GBR,3:29.95,16%,False,https://worldathletics.org/athletes/athlete=14522654,2026-09-08,3:29.23,0.72,32.2,0,,False
Men's 1500m,,Robert FARKEN,GER,3:30.09,9%,False,https://worldathletics.org/athletes/athlete=14597052,2026-09-08,3:30.09,0.0,29.0,2,12.0,False
Women's 1500m,1.0,Tsige DUGUMA,ETH,3:55.06,30%,True,https://worldathletics.org/athletes/athlete=14774192,2026-09-08,3:55.06,0.0,25.5,2,16.0,True
Women's 1500m,2.0,Jessica HULL,AUS,3:55.20,49%,False,https://worldathletics.org/athletes/athlete=14464506,2026-09-08,3:50.83,4.37,29.9,4,16.0,True
Women's 1500m,3.0,Birke HAYLOM,ETH,3:55.56,36%,True,https://worldathletics.org/athletes/athlete=15009582,2026-09-08,3:53.22,2.34,20.7,4,16.0,True
Women's 1500m,4.0,Dorcus EWOI,KEN,3:55.58,43%,False,https://worldathletics.org/athletes/athlete=14878719,2026-09-08,3:54.92,0.66,29.9,3,16.0,True
Women's 1500m,5.0,Klaudia KAZIMIERSKA,POL,3:55.59,14%,False,https://worldathletics.org/athletes/athlete=14704467,2026-09-08,3:55.59,0.0,25.0,2,16.0,True
Women's 1500m,6.0,Georgia HUNTER BELL,GBR,3:55.63,30%,False,https://worldathletics.org/athletes/athlete=14329797,2026-09-08,3:54.76,0.87,32.9,2,72.0,True
Women's 1500m,7.0,Abbey CALDWELL,AUS,3:56.12,5%,False,https://worldathletics.org/athletes/athlete=14636659,2026-09-08,3:56.12,0.0,25.2,4,72.0,True
Women's 1500m,8.0,Emily MACKAY,USA,3:56.24,14%,False,https://worldathletics.org/athletes/athlete=14667572,2026-09-08,3:55.90,0.34,28.4,3,16.0,True
Women's 1500m,9.0,Agathe GUILLEMOT,FRA,3:56.24,6%,False,https://worldathletics.org/athletes/athlete=14685757,2026-09-08,3:56.24,0.0,27.2,3,16.0,True
Women's 1500m,10.0,Nikki HILTZ,USA,3:59.26,6%,False,https://worldathletics.org/athletes/athlete=14465104,2026-09-08,3:55.33,3.93,31.9,2,16.0,True
Women's 1500m,,Freweyni HAILU,ETH,3:55.92,17%,False,https://worldathletics.org/athletes/athlete=14836656,2026-09-08,3:54.16,1.76,25.6,1,72.0,False
Women's 1500m,,Sarah BILLINGS,AUS,3:56.73,7%,False,https://worldathletics.org/athletes/athlete=14464575,2026-09-08,3:56.73,0.0,28.5,3,16.0,False
Women's 1500m,,Sarah HEALY,IRL,3:57.42,5%,False,https://worldathletics.org/athletes/athlete=14705242,2026-09-08,3:57.15,0.27,25.6,2,16.0,False
Women's 1500m,,Nadia BATTOCLETTI,ITA,3:57.54,4%,False,https://worldathletics.org/athletes/athlete=14700830,2026-09-08,3:57.54,0.0,26.4,0,,False
Men's 5000m,1.0,Addisu YIHUNE,ETH,12:47.62,19%,False,https://worldathletics.org/athletes/athlete=14977660,2026-09-08,12:47.62,0.0,23.5,3,72.0,True
Men's 5000m,2.0,Birhanu BALEW,BRN,12:47.73,45%,False,https://worldathletics.org/athletes/athlete=14695983,2026-09-08,12:47.73,0.0,30.5,5,18.0,True
Men's 5000m,3.0,Andreas ALMGREN,SWE,12:48.61,43%,False,https://worldathletics.org/athletes/athlete=14460738,2026-09-08,12:44.27,4.34,31.2,3,72.0,True
Men's 5000m,4.0,Parker WOLFE,USA,12:49.45,18%,False,https://worldathletics.org/athletes/athlete=14907166,2026-09-08,12:49.45,0.0,23.1,2,18.0,True
Men's 5000m,5.0,Grant FISHER,USA,12:49.61,37%,False,https://worldathletics.org/athletes/athlete=14591210,2026-09-08,12:44.09,5.52,29.4,3,18.0,True
Men's 5000m,6.0,Graham BLANKS,USA,12:49.99,15%,False,https://worldathletics.org/athletes/athlete=14884807,2026-09-08,12:48.20,1.79,24.4,4,18.0,True
Men's 5000m,7.0,Jacob KROP,KEN,12:53.71,4%,False,https://worldathletics.org/athletes/athlete=14808798,2026-09-08,12:45.71,8.0,25.3,4,18.0,True
Men's 5000m,8.0,Biniam MEHARY,ETH,12:54.35,20%,False,https://worldathletics.org/athletes/ethiopia/biniam-mehary-15118094,2026-09-08,12:45.93,8.42,19.7,3,60.0,True
Men's 5000m,9.0,Cornelius KEMBOI,KEN,12:56.02,5%,False,https://worldathletics.org/athletes/athlete=14894347,2026-09-08,12:56.02,0.0,26.5,5,18.0,True
Men's 5000m,10.0,Mohamed ABDILAAHI,GER,12:57.90,6%,False,https://worldathletics.org/athletes/athlete=14753471,2026-09-08,12:53.63,4.27,27.5,1,108.0,True
Men's 5000m,,Mezgebu SIME,ETH,12:50.17,16%,False,https://worldathletics.org/athletes/ethiopia/mezgebu-sime-15024068,2026-09-08,12:49.80,0.37,20.9,3,18.0,False
Men's 5000m,,Ky ROBINSON,AUS,12:50.82,9%,False,https://worldathletics.org/athletes/athlete=14865727,2026-09-08,12:50.82,0.0,24.5,2,60.0,False
Men's 5000m,,Dominic Lokinyomo LOBALU,SUI,12:52.54,11%,False,https://worldathletics.org/athletes/athlete=14792211,2026-09-08,12:50.87,1.67,28.1,3,18.0,False
Men's 5000m,,Egide NTAKARUTIMANA,BDI,12:56.06,5%,False,https://worldathletics.org/athletes/athlete=14987250,2026-09-08,12:56.06,0.0,28.9,2,18.0,False
Women's 5000m,1.0,Likina AMEBAW,ETH,14:18.41,36%,False,https://worldathletics.org/athletes/athlete=14877871,2026-09-08,14:18.41,0.0,28.8,3,16.0,True
Women's 5000m,2.0,Aleshign BAWEKE,ETH,14:18.54,28%,False,https://worldathletics.org/athletes/ethiopia/aleshign-baweke-15172866,2026-09-08,14:18.54,0.0,20.6,2,16.0,True
Women's 5000m,3.0,Freweyni HAILU,ETH,14:18.94,32%,False,https://worldathletics.org/athletes/athlete=14836656,2026-09-08,14:18.94,0.0,25.6,2,16.0,True
Women's 5000m,4.0,Senayet GETACHEW,ETH,14:22.37,26%,False,https://worldathletics.org/athletes/ethiopia/senayet-getachew-15046190,2026-09-08,14:22.37,0.0,20.9,2,16.0,True
Women's 5000m,5.0,Hirut MESHESHA,ETH,14:22.56,24%,False,https://worldathletics.org/athletes/athlete=14805826,2026-09-08,14:22.56,0.0,25.6,2,16.0,True
Women's 5000m,6.0,Marta ALEMAYO,ETH,14:32.84,20%,False,https://worldathletics.org/athletes/ethiopia/marta-alemayo-15131346,2026-09-08,14:32.84,0.0,18.4,2,16.0,True
Women's 5000m,7.0,Hawi ABERA,ETH,14:35.96,19%,False,https://worldathletics.org/athletes/ethiopia/hawi-abera-15058804,2026-09-08,14:35.96,0.0,19.7,1,81.0,True
Women's 5000m,8.0,Rose DAVIES,AUS,14:37.47,31%,False,https://worldathletics.org/athletes/athlete=14517594,2026-09-08,14:31.45,6.02,26.7,1,16.0,True
Women's 5000m,,Fantaye BELAYNEH,ETH,14:23.44,25%,False,https://worldathletics.org/athletes/athlete=14977672,2026-09-08,14:23.44,0.0,26.0,3,16.0,False
Women's 5000m,,Faith KIPYEGON,KEN,14:24.14,34%,False,https://worldathletics.org/athletes/athlete=14413305,2026-09-08,14:05.20,18.94,32.7,0,,False
Women's 5000m,,Asayech AYICHEW,ETH,14:26.41,20%,False,https://worldathletics.org/athletes/ethiopia/asayech-ayichew-15041291,2026-09-08,14:26.41,0.0,21.4,2,16.0,False
Women's 5000m,,Mizan ALEM,ETH,14:29.97,22%,False,https://worldathletics.org/athletes/athlete=14848748,2026-09-08,14:29.97,0.0,24.6,0,,False
Men's 3000m Steeplechase,1.0,Soufiane EL BAKKALI,MAR,7:57.25,58%,False,https://worldathletics.org/athletes/athlete=14590424,2026-09-08,7:56.68,0.57,30.7,4,16.0,True
Men's 3000m Steeplechase,2.0,Simon KOECH,KEN,7:59.44,18%,False,https://worldathletics.org/athletes/athlete=14989901,2026-09-08,7:59.44,0.0,22.9,3,60.0,True
Men's 3000m Steeplechase,3.0,Edmund SEREM,KEN,8:01.61,26%,False,https://worldathletics.org/athletes/kenya/edmund-serem-15102091,2026-09-08,8:01.61,0.0,18.7,5,16.0,True
Men's 3000m Steeplechase,4.0,Gemechu GODANA,ETH,8:02.74,22%,False,https://worldathletics.org/athletes/ethiopia/gemechu-godana-15172861,2026-09-08,8:02.74,0.0,20.9,2,16.0,True
Men's 3000m Steeplechase,5.0,Salah Eddine BEN YAZIDE,MAR,8:05.08,14%,True,https://worldathletics.org/athletes/athlete=14977838,2026-09-08,8:05.08,0.0,23.3,3,16.0,True
Men's 3000m Steeplechase,6.0,Karl BEBENDORF,GER,8:05.55,11%,False,https://worldathletics.org/athletes/athlete=14597064,2026-09-08,8:05.55,0.0,30.3,3,16.0,True
Men's 3000m Steeplechase,7.0,Samuel FIREWU,ETH,8:06.65,8%,False,https://worldathletics.org/athletes/athlete=14975231,2026-09-08,8:04.34,2.31,22.3,4,16.0,True
Men's 3000m Steeplechase,8.0,Matthew WILKINSON,USA,8:09.56,5%,False,https://worldathletics.org/athletes/athlete=14835741,2026-09-08,8:09.56,0.0,27.7,5,16.0,True
Men's 3000m Steeplechase,9.0,Ryuji MIURA,JPN,8:10.30,6%,False,https://worldathletics.org/athletes/athlete=14860379,2026-09-08,8:03.43,6.87,24.6,4,16.0,True
Men's 3000m Steeplechase,10.0,Abraham KIBIWOT,KEN,8:12.39,3%,False,https://worldathletics.org/athletes/athlete=14657344,2026-09-08,8:05.51,6.88,30.4,5,72.0,True
Men's 3000m Steeplechase,,Frederik RUPPERT,GER,7:57.80,25%,False,https://worldathletics.org/athletes/athlete=14627121,2026-09-08,7:57.80,0.0,29.5,1,100.0,False
Men's 3000m Steeplechase,,Ruben QUERINJEAN,LUX,8:05.36,11%,False,https://worldathletics.org/athletes/athlete=14929147,2026-09-08,8:05.36,0.0,24.7,3,16.0,False
Men's 3000m Steeplechase,,Geoffrey Kipkemoi KIRWA,KEN,8:08.10,2%,False,https://worldathletics.org/athletes/athlete=14892015,2026-09-08,8:08.10,0.0,25.2,1,,False
Men's 3000m Steeplechase,,Mohamed TINDOUFT,MAR,8:10.04,7%,False,https://worldathletics.org/athletes/athlete=14773269,2026-09-08,8:10.04,0.0,33.5,3,16.0,False
Women's 3000m Steeplechase,1.0,Peruth CHEMUTAI,UGA,8:51.06,47%,False,https://worldathletics.org/athletes/athlete=14707661,2026-09-08,8:48.03,3.03,27.2,4,12.0,True
Women's 3000m Steeplechase,2.0,Faith CHEROTICH,KEN,8:51.48,52%,False,https://worldathletics.org/athletes/athlete=14989893,2026-09-08,8:48.71,2.77,22.2,5,12.0,True
Women's 3000m Steeplechase,3.0,Winfred YAVI,BRN,8:51.54,34%,False,https://worldathletics.org/athletes/athlete=14695622,2026-09-08,8:44.39,7.15,26.7,3,18.0,True
Women's 3000m Steeplechase,4.0,Doris LEMNGOLE,KEN,8:52.86,25%,False,https://worldathletics.org/athletes/athlete=15128594,2026-09-08,8:52.86,0.0,24.6,3,12.0,True
Women's 3000m Steeplechase,5.0,Marwa BOUZAYANI,TUN,8:54.32,23%,False,https://worldathletics.org/athletes/athlete=14595096,2026-09-08,8:54.32,0.0,29.5,5,18.0,True
Women's 3000m Steeplechase,6.0,Kena TUFA,ETH,8:59.66,12%,False,https://worldathletics.org/athletes/ethiopia/kena-tufa-15024115,2026-09-08,8:59.66,0.0,20.7,4,18.0,True
Women's 3000m Steeplechase,7.0,Lexy HALLADAY,USA,9:05.36,14%,False,https://worldathletics.org/athletes/athlete=14741102,2026-09-08,9:05.36,0.0,25.1,6,12.0,True
Women's 3000m Steeplechase,8.0,Elise THORNER,GBR,9:05.45,18%,False,https://worldathletics.org/athletes/athlete=14648621,2026-09-08,9:05.45,0.0,25.5,3,12.0,True
Women's 3000m Steeplechase,9.0,Lea MEYER,GER,9:09.13,4%,False,https://worldathletics.org/athletes/athlete=14509240,2026-09-08,9:09.13,0.0,29.0,4,12.0,True
Women's 3000m Steeplechase,10.0,Gabrielle JENNINGS,USA,9:11.72,8%,False,https://worldathletics.org/athletes/athlete=14490787,2026-09-08,9:06.61,5.11,28.0,4,12.0,True
Women's 3000m Steeplechase,,Gesa Felicitas KRAUSE,GER,9:07.50,9%,False,https://worldathletics.org/athletes/athlete=14329341,2026-09-08,9:03.30,4.2,34.1,3,12.0,False
Women's 3000m Steeplechase,,Alemnat WALLE,ETH,9:10.05,2%,False,https://worldathletics.org/athletes/ethiopia/alemnat-walle-15024112,2026-09-08,9:06.88,3.17,20.6,5,12.0,False
Women's 3000m Steeplechase,,Norah JERUTO,KAZ,9:10.90,13%,False,https://worldathletics.org/athletes/athlete=14479154,2026-09-08,8:53.02,17.88,30.9,3,108.0,False
Women's 3000m Steeplechase,,Parul CHAUDHARY,IND,9:12.84,6%,False,https://worldathletics.org/athletes/athlete=14497992,2026-09-08,9:12.46,0.38,31.4,1,115.0,False
Men's High Jump,1.0,Oleh DOROSHCHUK,UKR,2.33m,35%,False,https://worldathletics.org/athletes/athlete=14803002,2026-09-08,2.34m,0.01,25.2,3,17.0,True
Men's High Jump,2.0,Gianmarco TAMBERI,ITA,2.32m,27%,False,https://worldathletics.org/athletes/athlete=14375750,2026-09-08,2.39m,0.07,34.3,2,17.0,True
Men's High Jump,3.0,Erick PORTILLO,MEX,2.30m,12%,False,https://worldathletics.org/athletes/athlete=14782952,2026-09-08,2.30m,0.0,25.9,4,17.0,True
Men's High Jump,4.0,Romaine BECKFORD,JAM,2.30m,14%,False,https://worldathletics.org/athletes/athlete=14832929,2026-09-08,2.30m,0.0,24.2,3,17.0,True
Men's High Jump,5.0,Mateusz KOŁODZIEJSKI,POL,2.30m,11%,False,https://worldathletics.org/athletes/athlete=14852654,2026-09-08,2.30m,0.0,24.2,3,17.0,True
Men's High Jump,6.0,Matteo SIOLI,ITA,2.30m,6%,False,https://worldathletics.org/athletes/italy/matteo-sioli-15010318,2026-09-08,2.30m,0.0,20.9,3,60.0,True
Men's High Jump,,JuVaughn HARRISON,USA,2.34m,43%,False,https://worldathletics.org/athletes/athlete=14785286,2026-09-08,2.36m,0.02,27.4,3,17.0,False
Men's High Jump,,Danil LYSENKO,RUS,2.33m,16%,False,https://worldathletics.org/athletes/athlete=14576019,2026-09-08,2.38m,0.05,29.3,0,,False
Men's High Jump,,Jan ŠTEFELA,CZE,2.32m,21%,False,https://worldathletics.org/athletes/athlete=14761148,2026-09-08,2.33m,0.01,25.4,4,17.0,False
Men's High Jump,,Kimani JACK,GBR,2.31m,2%,False,https://worldathletics.org/athletes/great-britain-ni/kimani-jack-14984793,2026-09-08,2.31m,0.0,22.6,1,60.0,False
Women's High Jump,1.0,Yaroslava MAHUCHIKH,UKR,2.03m,67%,False,https://worldathletics.org/athletes/athlete=14739628,2026-09-08,2.10m,0.07,25.0,4,12.0,True
Women's High Jump,2.0,Eleanor PATTERSON,AUS,2.02m,38%,False,https://worldathletics.org/athletes/athlete=14411267,2026-09-08,2.02m,0.0,30.3,5,12.0,True
Women's High Jump,3.0,Nicola OLYSLAGERS,AUS,2.02m,54%,False,https://worldathletics.org/athletes/athlete=14455361,2026-09-08,2.04m,0.02,29.7,3,12.0,True
Women's High Jump,4.0,Angelina TOPIĆ,SRB,2.00m,16%,False,https://worldathletics.org/athletes/athlete=14841858,2026-09-08,2.00m,0.0,21.1,4,12.0,True
Women's High Jump,5.0,Iryna GERASHCHENKO,UKR,2.00m,36%,False,https://worldathletics.org/athletes/athlete=14423612,2026-09-08,2.00m,0.0,31.5,3,12.0,True
Women's High Jump,6.0,Lamara DISTIN,JAM,1.98m,22%,False,https://worldathletics.org/athletes/athlete=14630614,2026-09-08,2.00m,0.02,26.5,5,12.0,True
Women's High Jump,,Yuliia LEVCHENKO,UKR,1.99m,18%,False,https://worldathletics.org/athletes/athlete=14594836,2026-09-08,2.02m,0.03,28.8,4,12.0,False
Women's High Jump,,Maria ŻODZIK,POL,1.98m,10%,False,https://worldathletics.org/athletes/athlete=14620985,2026-09-08,2.00m,0.02,29.6,5,12.0,False
Women's High Jump,,Marija VUKOVIĆ,MNE,1.98m,26%,False,https://worldathletics.org/athletes/athlete=14300447,2026-09-08,1.98m,0.0,34.6,3,12.0,False
Women's High Jump,,Temitope Simbiat ADESHINA,NGR,1.97m,1%,False,https://worldathletics.org/athletes/athlete=14828037,2026-09-08,1.97m,0.0,27.8,0,,False
Men's Pole Vault,1.0,Armand DUPLANTIS,SWE,6.31m,79%,True,https://worldathletics.org/athletes/athlete=14679502,2026-09-08,6.31m,0.0,26.8,8,12.0,True
Men's Pole Vault,2.0,Emmanouil KARALIS,GRE,6.20m,53%,False,https://worldathletics.org/athletes/athlete=14669731,2026-09-08,6.20m,0.0,26.9,8,12.0,True
Men's Pole Vault,3.0,Sondre GUTTORMSEN,NOR,6.06m,28%,False,https://worldathletics.org/athletes/athlete=14681630,2026-09-08,6.06m,0.0,27.3,8,12.0,True
Men's Pole Vault,4.0,Kurtis MARSCHALL,AUS,6.00m,30%,False,https://worldathletics.org/athletes/athlete=14565327,2026-09-08,6.00m,0.0,29.4,9,12.0,True
Men's Pole Vault,5.0,Sam KENDRICKS,USA,5.95m,35%,False,https://worldathletics.org/athletes/athlete=14440868,2026-09-08,6.06m,0.11,34.0,9,12.0,True
Men's Pole Vault,6.0,Baptiste THIERY,FRA,5.93m,23%,False,https://worldathletics.org/athletes/athlete=14780520,2026-09-08,5.93m,0.0,25.2,7,12.0,True
Men's Pole Vault,,Matvei VOLKOV,BLR,6.01m,2%,False,https://worldathletics.org/athletes/athlete=14880490,2026-09-08,6.01m,0.0,22.5,0,,False
Men's Pole Vault,,Zachery BRADFORD,USA,6.01m,26%,False,https://worldathletics.org/athletes/athlete=14717685,2026-09-08,6.01m,0.0,26.8,8,12.0,False
Men's Pole Vault,,Christopher NILSEN,USA,5.92m,21%,False,https://worldathletics.org/athletes/athlete=14709278,2026-09-08,6.05m,0.13,28.7,6,12.0,False
Men's Pole Vault,,Thibaut COLLET,FRA,5.91m,9%,False,https://worldathletics.org/athletes/athlete=14733137,2026-09-08,5.95m,0.04,27.2,5,60.0,False
Women's Pole Vault,1.0,Nina KENNEDY,AUS,4.95m,44%,False,https://worldathletics.org/athletes/athlete=14407592,2026-09-08,4.95m,0.0,29.4,4,60.0,True
Women's Pole Vault,2.0,Hana MOLL,USA,4.90m,27%,False,https://worldathletics.org/athletes/athlete=14912947,2026-09-08,4.90m,0.0,21.6,3,13.0,True
Women's Pole Vault,3.0,Angelica MOSER,SUI,4.85m,27%,False,https://worldathletics.org/athletes/athlete=14450465,2026-09-08,4.88m,0.03,28.9,6,13.0,True
Women's Pole Vault,4.0,Imogen AYRIS,NZL,4.81m,15%,False,https://worldathletics.org/athletes/athlete=14668954,2026-09-08,4.81m,0.0,25.7,5,13.0,True
Women's Pole Vault,5.0,Tina ŠUTEJ,SLO,4.80m,20%,False,https://worldathletics.org/athletes/athlete=14300261,2026-09-08,4.82m,0.02,37.8,6,13.0,True
Women's Pole Vault,6.0,Katie MOON,USA,4.80m,30%,False,https://worldathletics.org/athletes/athlete=14373744,2026-09-08,4.90m,0.1,35.2,4,13.0,True
Women's Pole Vault,,Polina KNOROZ,RUS,4.91m,26%,False,https://worldathletics.org/athletes/athlete=14623073,2026-09-08,4.91m,0.0,27.1,0,,False
Women's Pole Vault,,Sandi MORRIS,USA,4.90m,30%,False,https://worldathletics.org/athletes/athlete=14373498,2026-09-08,5.00m,0.1,34.2,4,13.0,False
Women's Pole Vault,,Molly CAUDERY,GBR,4.85m,19%,False,https://worldathletics.org/athletes/athlete=14688948,2026-09-08,4.92m,0.07,26.5,2,96.0,False
Women's Pole Vault,,Amanda MOLL,USA,4.84m,8%,False,https://worldathletics.org/athletes/athlete=14906783,2026-09-08,4.91m,0.07,21.6,1,60.0,False
Men's Long Jump,1.0,Miltiadis TENTOGLOU,GRE,8.66m,61%,False,https://worldathletics.org/athletes/athlete=14669734,2026-09-08,8.66m,0.0,28.5,6,12.0,True
Men's Long Jump,2.0,Simon EHAMMER,SUI,8.51m,25%,False,https://worldathletics.org/athletes/athlete=14730721,2026-09-08,8.51m,0.0,26.6,3,12.0,True
Men's Long Jump,3.0,Bozhidar SARÂBOYUKOV,BUL,8.49m,34%,False,https://worldathletics.org/athletes/athlete=14927349,2026-09-08,8.49m,0.0,22.1,5,12.0,True
Men's Long Jump,4.0,Tajay GAYLE,JAM,8.46m,34%,False,https://worldathletics.org/athletes/athlete=14631861,2026-09-08,8.69m,0.23,30.1,5,12.0,True
Men's Long Jump,5.0,Wayne PINNOCK,JAM,8.39m,16%,False,https://worldathletics.org/athletes/athlete=14693852,2026-09-08,8.54m,0.15,25.9,5,12.0,True
Men's Long Jump,,Gerson BALDÉ,POR,8.46m,14%,False,https://worldathletics.org/athletes/athlete=14849980,2026-09-08,8.46m,0.0,26.6,3,18.0,False
Men's Long Jump,,Mattia FURLANI,ITA,8.43m,2%,False,https://worldathletics.org/athletes/athlete=14905216,2026-09-08,8.43m,0.0,21.6,2,60.0,False
Men's Long Jump,,SREESHANKAR,IND,8.38m,1%,False,https://worldathletics.org/athletes/athlete=14734673,2026-09-08,8.41m,0.03,27.5,0,,False
Men's Long Jump,,Tafadzwa CHIKOMBA,ZIM,8.37m,1%,False,https://worldathletics.org/athletes/athlete=14890453,2026-09-08,8.37m,0.0,25.6,0,,False
Women's Long Jump,1.0,Larissa IAPICHINO,ITA,7.12m,49%,False,https://worldathletics.org/athletes/athlete=14827877,2026-09-08,7.12m,0.0,24.1,5,52.0,True
Women's Long Jump,2.0,Malaika MIHAMBO,GER,7.05m,35%,False,https://worldathletics.org/athletes/athlete=14377384,2026-09-08,7.30m,0.25,32.6,4,17.0,True
Women's Long Jump,3.0,Agate DE SOUSA,POR,7.00m,28%,False,https://worldathletics.org/athletes/athlete=14816707,2026-09-08,7.03m,0.03,26.3,3,17.0,True
Women's Long Jump,4.0,Hilary KPATCHA,FRA,6.98m,15%,False,https://worldathletics.org/athletes/athlete=14576455,2026-09-08,7.02m,0.04,28.3,4,52.0,True
Women's Long Jump,5.0,Monae' NICHOLS,USA,6.95m,8%,False,https://worldathletics.org/athletes/athlete=14662524,2026-09-08,6.97m,0.02,27.8,5,17.0,True
Women's Long Jump,6.0,Claire BRYANT,USA,6.94m,14%,False,https://worldathletics.org/athletes/athlete=14716940,2026-09-08,6.96m,0.02,25.0,5,17.0,True
Women's Long Jump,,Alyssa JONES,USA,7.09m,13%,False,https://worldathletics.org/athletes/athlete=14812264,2026-09-08,7.09m,0.0,22.6,2,17.0,False
Women's Long Jump,,Alexis BROWN,USA,7.07m,10%,False,https://worldathletics.org/athletes/athlete=14747974,2026-09-08,7.07m,0.0,25.4,3,66.0,False
Women's Long Jump,,Jazmin SAWYERS,GBR,6.96m,12%,False,https://worldathletics.org/athletes/athlete=14372810,2026-09-08,7.00m,0.04,32.3,2,17.0,False
Men's Triple Jump,1.0,Andy DÍAZ HERNÁNDEZ,ITA,18.15m,52%,False,https://worldathletics.org/athletes/athlete=14587743,2026-09-08,18.15m,0.0,30.7,3,18.0,True
Men's Triple Jump,2.0,Pedro PICHARDO,POR,17.76m,51%,False,https://worldathletics.org/athletes/athlete=14412588,2026-09-08,18.08m,0.32,33.2,2,18.0,True
Men's Triple Jump,3.0,Jordan SCOTT,JAM,17.69m,31%,False,https://worldathletics.org/athletes/athlete=14569308,2026-09-08,17.69m,0.0,29.2,5,18.0,True
Men's Triple Jump,4.0,Yasser Mohammed TRIKI,ALG,17.67m,25%,False,https://worldathletics.org/athletes/athlete=14597364,2026-09-08,17.67m,0.0,29.5,6,18.0,True
Men's Triple Jump,5.0,Lázaro MARTÍNEZ,CUB,17.33m,8%,False,https://worldathletics.org/athletes/athlete=14571850,2026-09-08,17.71m,0.38,28.8,4,18.0,True
Men's Triple Jump,6.0,Jaydon HIBBERT,JAM,17.22m,8%,False,https://worldathletics.org/athletes/athlete=14972866,2026-09-08,17.87m,0.65,21.6,2,90.0,True
Men's Triple Jump,,Russell ROBINSON,USA,17.54m,5%,False,https://worldathletics.org/athletes/athlete=14823057,2026-09-08,17.54m,0.0,25.2,2,18.0,False
Men's Triple Jump,,Andrea DALLAVALLE,ITA,17.42m,13%,False,https://worldathletics.org/athletes/athlete=14679517,2026-09-08,17.64m,0.22,26.9,2,18.0,False
Men's Triple Jump,,Wen SU,CHN,17.40m,2%,False,https://worldathletics.org/athletes/athlete=14839808,2026-09-08,17.40m,0.0,27.6,0,,False
Men's Triple Jump,,Andy HECHAVARRÍA,CUB,17.34m,1%,False,https://worldathletics.org/athletes/athlete=14819255,2026-09-08,17.34m,0.0,26.0,0,,False
Women's Triple Jump,1.0,Thea LAFOND,DMA,15.25m,49%,False,https://worldathletics.org/athletes/athlete=14416826,2026-09-08,15.25m,0.0,32.4,4,16.0,True
Women's Triple Jump,2.0,Davisleydi VELAZCO,CUB,15.13m,36%,False,https://worldathletics.org/athletes/athlete=14663467,2026-09-08,15.13m,0.0,27.0,5,16.0,True
Women's Triple Jump,3.0,Saly SARR,SEN,15.08m,33%,False,https://worldathletics.org/athletes/athlete=14894836,2026-09-08,15.08m,0.0,23.9,4,16.0,True
Women's Triple Jump,4.0,Leyanis PÉREZ HERNÁNDEZ,CUB,15.06m,26%,False,https://worldathletics.org/athletes/athlete=14828679,2026-09-08,15.06m,0.0,24.7,6,16.0,True
Women's Triple Jump,5.0,Liadagmis POVEA,CUB,14.71m,22%,False,https://worldathletics.org/athletes/athlete=14574170,2026-09-08,14.93m,0.22,30.6,4,16.0,True
Women's Triple Jump,6.0,Ackelia SMITH,JAM,14.50m,4%,False,https://worldathletics.org/athletes/athlete=14693884,2026-09-08,14.54m,0.04,24.6,3,16.0,True
Women's Triple Jump,,Yulimar ROJAS,VEN,14.95m,23%,False,https://worldathletics.org/athletes/athlete=14436431,2026-09-08,15.74m,0.79,30.9,0,,False
Women's Triple Jump,,Dariya DERKACH,ITA,14.60m,10%,False,https://worldathletics.org/athletes/athlete=14363463,2026-09-08,14.60m,0.0,33.5,2,16.0,False
Women's Triple Jump,,Diana Ana Maria ION,ROU,14.56m,3%,False,https://worldathletics.org/athletes/athlete=14629838,2026-09-08,14.56m,0.0,25.8,0,,False
Women's Triple Jump,,Ilona MASSON,BEL,14.52m,3%,False,https://worldathletics.org/athletes/athlete=14734871,2026-09-08,14.52m,0.0,25.0,0,,False
Men's Shot Put,1.0,Leonardo FABBRI,ITA,22.74m,54%,False,https://worldathletics.org/athletes/athlete=14567432,2026-09-08,22.98m,0.24,29.4,5,12.0,True
Men's Shot Put,2.0,Rajindra CAMPBELL,JAM,22.59m,44%,False,https://worldathletics.org/athletes/athlete=14687604,2026-09-08,22.59m,0.0,30.5,5,12.0,True
Men's Shot Put,3.0,Joe KOVACS,USA,22.58m,47%,False,https://worldathletics.org/athletes/athlete=14243308,2026-09-08,23.23m,0.65,37.2,4,12.0,True
Men's Shot Put,4.0,Jordan GEIST,USA,22.53m,32%,False,https://worldathletics.org/athletes/athlete=14713125,2026-09-08,22.53m,0.0,28.1,5,12.0,True
Men's Shot Put,5.0,Roger STEEN,USA,22.07m,24%,False,https://worldathletics.org/athletes/athlete=14515622,2026-09-08,22.11m,0.04,34.3,5,12.0,True
Men's Shot Put,6.0,Ryan CROUSER,USA,21.59m,24%,False,https://worldathletics.org/athletes/athlete=14369211,2026-09-08,23.56m,1.97,33.7,3,96.0,True
Men's Shot Put,,Adrian PIPERI,USA,21.91m,16%,False,https://worldathletics.org/athletes/athlete=14713124,2026-09-08,22.29m,0.38,27.6,5,12.0,False
Men's Shot Put,,Tom WALSH,NZL,21.82m,25%,False,https://worldathletics.org/athletes/athlete=14413007,2026-09-08,22.90m,1.08,34.5,5,12.0,False
Men's Shot Put,,Payton OTTERDAHL,USA,21.80m,16%,False,https://worldathletics.org/athletes/athlete=14674710,2026-09-08,22.59m,0.79,30.4,2,12.0,False
Men's Shot Put,,Chukwuebuka ENEKWECHI,NGR,21.74m,10%,False,https://worldathletics.org/athletes/athlete=14463876,2026-09-08,22.10m,0.36,33.6,3,12.0,False
Women's Shot Put,1.0,Chase JACKSON,USA,21.14m,53%,False,https://worldathletics.org/athletes/athlete=14533525,2026-09-08,21.14m,0.0,32.1,4,66.0,True
Women's Shot Put,2.0,Jessica SCHILDER,NED,21.09m,43%,False,https://worldathletics.org/athletes/athlete=14688805,2026-09-08,21.09m,0.0,27.5,5,66.0,True
Women's Shot Put,3.0,Sarah MITTON,CAN,20.66m,47%,False,https://worldathletics.org/athletes/athlete=14607093,2026-09-08,20.68m,0.02,30.2,5,66.0,True
Women's Shot Put,4.0,Fanny ROOS,SWE,19.70m,33%,False,https://worldathletics.org/athletes/athlete=14429853,2026-09-08,19.70m,0.0,31.7,5,66.0,True
Women's Shot Put,5.0,Danniel THOMAS-DODD,JAM,19.34m,32%,False,https://worldathletics.org/athletes/athlete=14468647,2026-09-08,19.77m,0.43,33.8,4,72.0,True
Women's Shot Put,,Yemisi OGUNLEYE,GER,20.37m,20%,False,https://worldathletics.org/athletes/athlete=14565871,2026-09-08,20.37m,0.0,27.9,0,,False
Women's Shot Put,,Axelina JOHANSSON,SWE,19.97m,13%,False,https://worldathletics.org/athletes/athlete=14680446,2026-09-08,19.97m,0.0,26.4,2,66.0,False
Women's Shot Put,,Jorinde VAN KLINKEN,NED,19.64m,8%,False,https://worldathletics.org/athletes/athlete=14676577,2026-09-08,19.64m,0.0,26.6,1,66.0,False
Women's Shot Put,,Linru ZHANG,CHN,19.63m,13%,False,https://worldathletics.org/athletes/athlete=14745178,2026-09-08,19.63m,0.0,27.0,1,115.0,False
Men's Discus Throw,1.0,Matthew DENNY,AUS,74.04m,43%,False,https://worldathletics.org/athletes/athlete=14436890,2026-09-08,74.78m,0.74,30.3,4,16.0,True
Men's Discus Throw,2.0,Mykolas ALEKNA,LTU,72.65m,50%,False,https://worldathletics.org/athletes/athlete=14841124,2026-09-08,75.56m,2.91,23.9,2,16.0,True
Men's Discus Throw,3.0,Kristjan ČEH,SLO,72.61m,32%,False,https://worldathletics.org/athletes/athlete=14666860,2026-09-08,72.61m,0.0,27.6,4,16.0,True
Men's Discus Throw,4.0,Roje STONA,JAM,70.66m,13%,False,https://worldathletics.org/athletes/athlete=14744385,2026-09-08,70.66m,0.0,27.5,4,16.0,True
Men's Discus Throw,5.0,Daniel STÅHL,SWE,69.85m,15%,False,https://worldathletics.org/athletes/athlete=14375325,2026-09-08,71.86m,2.01,34.0,4,16.0,True
Men's Discus Throw,6.0,Henrik JANSSEN,GER,69.53m,6%,False,https://worldathletics.org/athletes/athlete=14626440,2026-09-08,69.94m,0.41,28.3,2,16.0,True
Men's Discus Throw,,Steven RICHTER,GER,74.00m,17%,False,https://worldathletics.org/athletes/athlete=14828356,2026-09-08,74.00m,0.0,23.4,2,16.0,False
Men's Discus Throw,,Sam MATTIS,USA,72.45m,12%,False,https://worldathletics.org/athletes/athlete=14416979,2026-09-08,72.45m,0.0,32.5,3,66.0,False
Men's Discus Throw,,Lawrence OKOYE,GBR,71.88m,12%,False,https://worldathletics.org/athletes/athlete=14425340,2026-09-08,71.88m,0.0,34.9,3,66.0,False
Men's Discus Throw,,Ruben ROLVINK,NED,71.22m,6%,False,https://worldathletics.org/athletes/athlete=14834539,2026-09-08,71.22m,0.0,24.0,1,16.0,False
Women's Discus Throw,1.0,Valarie SION,USA,73.10m,48%,False,https://worldathletics.org/athletes/athlete=14479216,2026-09-08,73.10m,0.0,31.5,4,52.0,True
Women's Discus Throw,2.0,Cierra JACKSON,USA,71.72m,29%,False,https://worldathletics.org/athletes/athlete=14839155,2026-09-08,71.72m,0.0,24.0,4,52.0,True
Women's Discus Throw,3.0,Jorinde VAN KLINKEN,NED,70.99m,30%,False,https://worldathletics.org/athletes/athlete=14676577,2026-09-08,70.99m,0.0,26.6,4,52.0,True
Women's Discus Throw,4.0,Bin FENG,CHN,67.46m,15%,False,https://worldathletics.org/athletes/athlete=14430151,2026-09-08,69.12m,1.66,32.4,3,93.0,True
Women's Discus Throw,5.0,Laulauga TAUSAGA,USA,65.94m,6%,False,https://worldathletics.org/athletes/athlete=14647494,2026-09-08,70.72m,4.78,28.3,4,52.0,True
Women's Discus Throw,6.0,Vanessa KAMGA,SWE,65.30m,7%,False,https://worldathletics.org/athletes/athlete=14718533,2026-09-08,66.61m,1.31,27.8,4,52.0,True
Women's Discus Throw,,Alida VAN DAALEN,NED,69.31m,3%,False,https://worldathletics.org/athletes/athlete=14735462,2026-09-08,69.31m,0.0,24.4,1,52.0,False
Women's Discus Throw,,Veronica FRALEY,USA,67.01m,8%,False,https://worldathletics.org/athletes/athlete=14748979,2026-09-08,68.72m,1.71,26.3,1,108.0,False
Women's Discus Throw,,Erika BEISTLE,USA,66.72m,2%,False,https://worldathletics.org/athletes/athlete=14937691,2026-09-08,66.72m,0.0,23.3,2,100.0,False
Women's Discus Throw,,Marike STEINACKER,GER,66.55m,11%,False,https://worldathletics.org/athletes/athlete=14373479,2026-09-08,67.31m,0.76,34.4,2,93.0,False
Men's Javelin Throw,1.0,Rumesh Tharanga PATHIRAGE,SRI,92.62m,55%,False,https://worldathletics.org/athletes/athlete=14886862,2026-09-08,92.62m,0.0,23.5,5,12.0,True
Men's Javelin Throw,2.0,Curtis THOMPSON,USA,87.59m,20%,False,https://worldathletics.org/athletes/athlete=14583106,2026-09-08,87.76m,0.17,30.6,5,12.0,True
Men's Javelin Throw,3.0,Anderson PETERS,GRN,86.93m,34%,False,https://worldathletics.org/athletes/athlete=14520432,2026-09-08,93.07m,6.14,28.9,5,12.0,True
Men's Javelin Throw,4.0,Keshorn WALCOTT,TTO,83.71m,6%,False,https://worldathletics.org/athletes/athlete=14376122,2026-09-08,90.16m,6.45,33.4,5,12.0,True
Men's Javelin Throw,5.0,Julius YEGO,KEN,82.22m,5%,False,https://worldathletics.org/athletes/athlete=14376567,2026-09-08,92.72m,10.5,37.7,4,12.0,True
Men's Javelin Throw,,Julian WEBER,GER,90.40m,51%,False,https://worldathletics.org/athletes/athlete=14420076,2026-09-08,91.51m,1.11,32.0,0,,False
Men's Javelin Throw,,Rohit YADAV,IND,87.68m,14%,False,https://worldathletics.org/athletes/athlete=14740932,2026-09-08,87.68m,0.0,25.3,0,,False
Men's Javelin Throw,,Cameron MCENTYRE,AUS,85.73m,5%,False,https://worldathletics.org/athletes/athlete=14622433,2026-09-08,85.73m,0.0,27.6,0,,False
Men's Javelin Throw,,Aliaksei KATKAVETS,BLR,85.65m,4%,False,https://worldathletics.org/athletes/athlete=14703718,2026-09-08,87.53m,1.88,28.3,0,,False
Women's Javelin Throw,1.0,Ziyi YAN,CHN,71.74m,33%,False,https://worldathletics.org/athletes/pr-of-china/ziyi-yan-15144603,2026-09-08,71.74m,0.0,18.3,4,60.0,True
Women's Javelin Throw,2.0,Flor Denis RUIZ HURTADO,COL,67.34m,38%,False,https://worldathletics.org/athletes/athlete=14369335,2026-09-08,67.34m,0.0,35.6,5,18.0,True
Women's Javelin Throw,3.0,Adriana VILAGOŠ,SRB,65.93m,41%,False,https://worldathletics.org/athletes/athlete=14791117,2026-09-08,67.22m,1.29,22.7,5,18.0,True
Women's Javelin Throw,4.0,Sigrid BORGE,NOR,65.00m,19%,False,https://worldathletics.org/athletes/athlete=14481209,2026-09-08,66.50m,1.5,30.8,5,18.0,True
Women's Javelin Throw,5.0,Haruka KITAGUCHI,JPN,64.90m,25%,False,https://worldathletics.org/athletes/athlete=14649131,2026-09-08,67.38m,2.48,28.5,4,18.0,True
Women's Javelin Throw,6.0,Anete SIETIŅA,LAT,60.05m,1%,False,https://worldathletics.org/athletes/athlete=14475585,2026-09-08,64.64m,4.59,30.6,4,18.0,True
Women's Javelin Throw,,Yulenmis AGUILAR,ESP,65.39m,11%,False,https://worldathletics.org/athletes/athlete=14518738,2026-09-08,65.39m,0.0,30.1,0,,False
Women's Javelin Throw,,Madison WILTROUT,USA,63.88m,4%,False,https://worldathletics.org/athletes/athlete=14647649,2026-09-08,63.88m,0.0,27.3,1,18.0,False
Women's Javelin Throw,,Momone UEDA,JPN,63.50m,4%,False,https://worldathletics.org/athletes/athlete=14766656,2026-09-08,63.50m,0.0,27.2,0,,False
Women's Javelin Throw,,Maria ANDREJCZYK,POL,62.78m,6%,False,https://worldathletics.org/athletes/athlete=14500245,2026-09-08,71.40m,8.62,30.5,2,72.0,False
